[?2026h[?25l[1Gpulling manifest ⠋ [K[?25h[?2026l[?2026h[?25l[1Gpulling manifest ⠙ [K[?25h[?2026l[?2026h[?25l[1Gpulling manifest ⠹ [K[?25h[?2026l[?2026h[?25l[1Gpulling manifest ⠸ [K[?25h[?2026l[?2026h[?25l[1Gpulling manifest ⠼ [K[?25h[?2026l[?2026h[?25l[1Gpulling manifest ⠴ [K[?25h[?2026l[?2026h[?25l[1Gpulling manifest ⠦ [K[?25h[?2026l[?2026h[?25l[1Gpulling manifest ⠧ [K[?25h[?2026l[?2026h[?25l[1Gpulling manifest ⠇ [K[?25h[?2026l[?2026h[?25l[1Gpulling manifest ⠏ [K[?25h[?2026l[?2026h[?25l[1Gpulling manifest ⠋ [K[?25h[?2026l[?2026h[?25l[1Gpulling manifest ⠙ [K[?25h[?2026l[?2026h[?25l[1Gpulling manifest ⠹ [K[?25h[?2026l[?2026h[?25l[1Gpulling manifest ⠸ [K[?25h[?2026l[?2026h[?25l[1Gpulling manifest [K
pulling 78b329e716e7:   0% ▕                  ▏  16 MB/ 18 GB                  [K[?25h[?2026l[?2026h[?25l[A[1Gpulling manifest [K
pulling 78b329e716e7:   1% ▕                  ▏ 110 MB/ 18 GB                  [K[?25h[?2026l[?2026h[?25l[A[1Gpulling manifest [K
pulling 78b329e716e7:   1% ▕                  ▏ 154 MB/ 18 GB                  [K[?25h[?2026l[?2026h[?25l[A[1Gpulling manifest [K
pulling 78b329e716e7:   1% ▕                  ▏ 253 MB/ 18 GB                  [K[?25h[?2026l[?2026h[?25l[A[1Gpulling manifest [K
pulling 78b329e716e7:   2% ▕                  ▏ 348 MB/ 18 GB                  [K[?25h[?2026l[?2026h[?25l[A[1Gpulling manifest [K
pulling 78b329e716e7:   2% ▕                  ▏ 397 MB/ 18 GB                  [K[?25h[?2026l[?2026h[?25l[A[1Gpulling manifest [K
pulling 78b329e716e7:   3% ▕                  ▏ 491 MB/ 18 GB                  [K[?25h[?2026l[?2026h[?25l[A[1Gpulling manifest [K
pulling 78b329e716e7:   3% ▕                  ▏ 584 MB/ 18 GB                  [K[?25h[?2026l[?2026h[?25l[A[1Gpulling manifest [K
pulling 78b329e716e7:   3% ▕                  ▏ 633 MB/ 18 GB                  [K[?25h[?2026l[?2026h[?25l[A[1Gpulling manifest [K
pulling 78b329e716e7:   4% ▕                  ▏ 725 MB/ 18 GB                  [K[?25h[?2026l[?2026h[?25l[A[1Gpulling manifest [K
pulling 78b329e716e7:   4% ▕                  ▏ 822 MB/ 18 GB  805 MB/s     22s[K[?25h[?2026l[?2026h[?25l[A[1Gpulling manifest [K
pulling 78b329e716e7:   5% ▕                  ▏ 868 MB/ 18 GB  805 MB/s     21s[K[?25h[?2026l[?2026h[?25l[A[1Gpulling manifest [K
pulling 78b329e716e7:   5% ▕                  ▏ 966 MB/ 18 GB  805 MB/s     21s[K[?25h[?2026l[?2026h[?25l[A[1Gpulling manifest [K
pulling 78b329e716e7:   6% ▕█                 ▏ 1.1 GB/ 18 GB  805 MB/s     21s[K[?25h[?2026l[?2026h[?25l[A[1Gpulling manifest [K
pulling 78b329e716e7:   6% ▕█                 ▏ 1.1 GB/ 18 GB  805 MB/s     21s[K[?25h[?2026l[?2026h[?25l[A[1Gpulling manifest [K
pulling 78b329e716e7:   7% ▕█                 ▏ 1.2 GB/ 18 GB  805 MB/s     21s[K[?25h[?2026l[?2026h[?25l[A[1Gpulling manifest [K
pulling 78b329e716e7:   7% ▕█                 ▏ 1.3 GB/ 18 GB  805 MB/s     21s[K[?25h[?2026l[?2026h[?25l[A[1Gpulling manifest [K
pulling 78b329e716e7:   7% ▕█                 ▏ 1.4 GB/ 18 GB  805 MB/s     21s[K[?25h[?2026l[?2026h[?25l[A[1Gpulling manifest [K
pulling 78b329e716e7:   8% ▕█                 ▏ 1.5 GB/ 18 GB  805 MB/s     21s[K[?25h[?2026l[?2026h[?25l[A[1Gpulling manifest [K
pulling 78b329e716e7:   8% ▕█                 ▏ 1.5 GB/ 18 GB  805 MB/s     21s[K[?25h[?2026l[?2026h[?25l[A[1Gpulling manifest [K
pulling 78b329e716e7:   9% ▕█                 ▏ 1.6 GB/ 18 GB  805 MB/s     21s[K[?25h[?2026l[?2026h[?25l[A[1Gpulling manifest [K
pulling 78b329e716e7:   9% ▕█                 ▏ 1.7 GB/ 18 GB  812 MB/s     20s[K[?25h[?2026l[?2026h[?25l[A[1Gpulling manifest [K
pulling 78b329e716e7:  10% ▕█                 ▏ 1.8 GB/ 18 GB  812 MB/s     20s[K[?25h[?2026l[?2026h[?25l[A[1Gpulling manifest [K
pulling 78b329e716e7:  10% ▕█                 ▏ 1.8 GB/ 18 GB  812 MB/s     20s[K[?25h[?2026l[?2026h[?25l[A[1Gpulling manifest [K
pulling 78b329e716e7:  10% ▕█                 ▏ 1.9 GB/ 18 GB  812 MB/s     20s[K[?25h[?2026l[?2026h[?25l[A[1Gpulling manifest [K
pulling 78b329e716e7:  11% ▕█                 ▏ 2.0 GB/ 18 GB  812 MB/s     20s[K[?25h[?2026l[?2026h[?25l[A[1Gpulling manifest [K
pulling 78b329e716e7:  11% ▕██                ▏ 2.1 GB/ 18 GB  812 MB/s     20s[K[?25h[?2026l[?2026h[?25l[A[1Gpulling manifest [K
pulling 78b329e716e7:  12% ▕██                ▏ 2.2 GB/ 18 GB  812 MB/s     20s[K[?25h[?2026l[?2026h[?25l[A[1Gpulling manifest [K
pulling 78b329e716e7:  12% ▕██                ▏ 2.3 GB/ 18 GB  812 MB/s     20s[K[?25h[?2026l[?2026h[?25l[A[1Gpulling manifest [K
pulling 78b329e716e7:  12% ▕██                ▏ 2.3 GB/ 18 GB  812 MB/s     20s[K[?25h[?2026l[?2026h[?25l[A[1Gpulling manifest [K
pulling 78b329e716e7:  13% ▕██                ▏ 2.4 GB/ 18 GB  812 MB/s     19s[K[?25h[?2026l[?2026h[?25l[A[1Gpulling manifest [K
pulling 78b329e716e7:  13% ▕██                ▏ 2.5 GB/ 18 GB  805 MB/s     19s[K[?25h[?2026l[?2026h[?25l[A[1Gpulling manifest [K
pulling 78b329e716e7:  14% ▕██                ▏ 2.5 GB/ 18 GB  805 MB/s     19s[K[?25h[?2026l[?2026h[?25l[A[1Gpulling manifest [K
pulling 78b329e716e7:  14% ▕██                ▏ 2.6 GB/ 18 GB  805 MB/s     19s[K[?25h[?2026l[?2026h[?25l[A[1Gpulling manifest [K
pulling 78b329e716e7:  15% ▕██                ▏ 2.7 GB/ 18 GB  805 MB/s     19s[K[?25h[?2026l[?2026h[?25l[A[1Gpulling manifest [K
pulling 78b329e716e7:  15% ▕██                ▏ 2.8 GB/ 18 GB  805 MB/s     19s[K[?25h[?2026l[?2026h[?25l[A[1Gpulling manifest [K
pulling 78b329e716e7:  15% ▕██                ▏ 2.9 GB/ 18 GB  805 MB/s     19s[K[?25h[?2026l[?2026h[?25l[A[1Gpulling manifest [K
pulling 78b329e716e7:  16% ▕██                ▏ 2.9 GB/ 18 GB  805 MB/s     19s[K[?25h[?2026l[?2026h[?25l[A[1Gpulling manifest [K
pulling 78b329e716e7:  16% ▕██                ▏ 3.0 GB/ 18 GB  805 MB/s     19s[K[?25h[?2026l[?2026h[?25l[A[1Gpulling manifest [K
pulling 78b329e716e7:  17% ▕██                ▏ 3.1 GB/ 18 GB  805 MB/s     19s[K[?25h[?2026l[?2026h[?25l[A[1Gpulling manifest [K
pulling 78b329e716e7:  17% ▕███               ▏ 3.2 GB/ 18 GB  805 MB/s     19s[K[?25h[?2026l[?2026h[?25l[A[1Gpulling manifest [K
pulling 78b329e716e7:  17% ▕███               ▏ 3.2 GB/ 18 GB  799 MB/s     19s[K[?25h[?2026l[?2026h[?25l[A[1Gpulling manifest [K
pulling 78b329e716e7:  18% ▕███               ▏ 3.3 GB/ 18 GB  799 MB/s     19s[K[?25h[?2026l[?2026h[?25l[A[1Gpulling manifest [K
pulling 78b329e716e7:  18% ▕███               ▏ 3.4 GB/ 18 GB  799 MB/s     18s[K[?25h[?2026l[?2026h[?25l[A[1Gpulling manifest [K
pulling 78b329e716e7:  19% ▕███               ▏ 3.4 GB/ 18 GB  799 MB/s     18s[K[?25h[?2026l[?2026h[?25l[A[1Gpulling manifest [K
pulling 78b329e716e7:  19% ▕███               ▏ 3.5 GB/ 18 GB  799 MB/s     18s[K[?25h[?2026l[?2026h[?25l[A[1Gpulling manifest [K
pulling 78b329e716e7:  20% ▕███               ▏ 3.6 GB/ 18 GB  799 MB/s     18s[K[?25h[?2026l[?2026h[?25l[A[1Gpulling manifest [K
pulling 78b329e716e7:  20% ▕███               ▏ 3.7 GB/ 18 GB  799 MB/s     18s[K[?25h[?2026l[?2026h[?25l[A[1Gpulling manifest [K
pulling 78b329e716e7:  20% ▕███               ▏ 3.8 GB/ 18 GB  799 MB/s     18s[K[?25h[?2026l[?2026h[?25l[A[1Gpulling manifest [K
pulling 78b329e716e7:  21% ▕███               ▏ 3.9 GB/ 18 GB  799 MB/s     18s[K[?25h[?2026l[?2026h[?25l[A[1Gpulling manifest [K
pulling 78b329e716e7:  21% ▕███               ▏ 3.9 GB/ 18 GB  799 MB/s     18s[K[?25h[?2026l[?2026h[?25l[A[1Gpulling manifest [K
pulling 78b329e716e7:  22% ▕███               ▏ 4.0 GB/ 18 GB  796 MB/s     18s[K[?25h[?2026l[?2026h[?25l[A[1Gpulling manifest [K
pulling 78b329e716e7:  22% ▕███               ▏ 4.1 GB/ 18 GB  796 MB/s     18s[K[?25h[?2026l[?2026h[?25l[A[1Gpulling manifest [K
pulling 78b329e716e7:  22% ▕████              ▏ 4.1 GB/ 18 GB  796 MB/s     18s[K[?25h[?2026l[?2026h[?25l[A[1Gpulling manifest [K
pulling 78b329e716e7:  23% ▕████              ▏ 4.2 GB/ 18 GB  796 MB/s     17s[K[?25h[?2026l[?2026h[?25l[A[1Gpulling manifest [K
pulling 78b329e716e7:  23% ▕████              ▏ 4.3 GB/ 18 GB  796 MB/s     17s[K[?25h[?2026l[?2026h[?25l[A[1Gpulling manifest [K
pulling 78b329e716e7:  24% ▕████              ▏ 4.4 GB/ 18 GB  796 MB/s     17s[K[?25h[?2026l[?2026h[?25l[A[1Gpulling manifest [K
pulling 78b329e716e7:  24% ▕████              ▏ 4.5 GB/ 18 GB  796 MB/s     17s[K[?25h[?2026l[?2026h[?25l[A[1Gpulling manifest [K
pulling 78b329e716e7:  25% ▕████              ▏ 4.6 GB/ 18 GB  796 MB/s     17s[K[?25h[?2026l[?2026h[?25l[A[1Gpulling manifest [K
pulling 78b329e716e7:  25% ▕████              ▏ 4.6 GB/ 18 GB  796 MB/s     17s[K[?25h[?2026l[?2026h[?25l[A[1Gpulling manifest [K
pulling 78b329e716e7:  25% ▕████              ▏ 4.7 GB/ 18 GB  796 MB/s     17s[K[?25h[?2026l[?2026h[?25l[A[1Gpulling manifest [K
pulling 78b329e716e7:  26% ▕████              ▏ 4.8 GB/ 18 GB  793 MB/s     17s[K[?25h[?2026l[?2026h[?25l[A[1Gpulling manifest [K
pulling 78b329e716e7:  26% ▕████              ▏ 4.8 GB/ 18 GB  793 MB/s     17s[K[?25h[?2026l[?2026h[?25l[A[1Gpulling manifest [K
pulling 78b329e716e7:  26% ▕████              ▏ 4.9 GB/ 18 GB  793 MB/s     17s[K[?25h[?2026l[?2026h[?25l[A[1Gpulling manifest [K
pulling 78b329e716e7:  27% ▕████              ▏ 5.0 GB/ 18 GB  793 MB/s     17s[K[?25h[?2026l[?2026h[?25l[A[1Gpulling manifest [K
pulling 78b329e716e7:  27% ▕████              ▏ 5.1 GB/ 18 GB  793 MB/s     17s[K[?25h[?2026l[?2026h[?25l[A[1Gpulling manifest [K
pulling 78b329e716e7:  28% ▕████              ▏ 5.1 GB/ 18 GB  793 MB/s     16s[K[?25h[?2026l[?2026h[?25l[A[1Gpulling manifest [K
pulling 78b329e716e7:  28% ▕█████             ▏ 5.2 GB/ 18 GB  793 MB/s     16s[K[?25h[?2026l[?2026h[?25l[A[1Gpulling manifest [K
pulling 78b329e716e7:  28% ▕█████             ▏ 5.3 GB/ 18 GB  793 MB/s     16s[K[?25h[?2026l[?2026h[?25l[A[1Gpulling manifest [K
pulling 78b329e716e7:  29% ▕█████             ▏ 5.4 GB/ 18 GB  793 MB/s     16s[K[?25h[?2026l[?2026h[?25l[A[1Gpulling manifest [K
pulling 78b329e716e7:  29% ▕█████             ▏ 5.5 GB/ 18 GB  793 MB/s     16s[K[?25h[?2026l[?2026h[?25l[A[1Gpulling manifest [K
pulling 78b329e716e7:  30% ▕█████             ▏ 5.5 GB/ 18 GB  793 MB/s     16s[K[?25h[?2026l[?2026h[?25l[A[1Gpulling manifest [K
pulling 78b329e716e7:  30% ▕█████             ▏ 5.6 GB/ 18 GB  790 MB/s     16s[K[?25h[?2026l[?2026h[?25l[A[1Gpulling manifest [K
pulling 78b329e716e7:  31% ▕█████             ▏ 5.7 GB/ 18 GB  790 MB/s     16s[K[?25h[?2026l[?2026h[?25l[A[1Gpulling manifest [K
pulling 78b329e716e7:  31% ▕█████             ▏ 5.7 GB/ 18 GB  790 MB/s     16s[K[?25h[?2026l[?2026h[?25l[A[1Gpulling manifest [K
pulling 78b329e716e7:  31% ▕█████             ▏ 5.8 GB/ 18 GB  790 MB/s     16s[K[?25h[?2026l[?2026h[?25l[A[1Gpulling manifest [K
pulling 78b329e716e7:  32% ▕█████             ▏ 5.9 GB/ 18 GB  790 MB/s     15s[K[?25h[?2026l[?2026h[?25l[A[1Gpulling manifest [K
pulling 78b329e716e7:  32% ▕█████             ▏ 6.0 GB/ 18 GB  790 MB/s     15s[K[?25h[?2026l[?2026h[?25l[A[1Gpulling manifest [K
pulling 78b329e716e7:  33% ▕█████             ▏ 6.0 GB/ 18 GB  790 MB/s     15s[K[?25h[?2026l[?2026h[?25l[A[1Gpulling manifest [K
pulling 78b329e716e7:  33% ▕█████             ▏ 6.1 GB/ 18 GB  790 MB/s     15s[K[?25h[?2026l[?2026h[?25l[A[1Gpulling manifest [K
pulling 78b329e716e7:  33% ▕█████             ▏ 6.2 GB/ 18 GB  790 MB/s     15s[K[?25h[?2026l[?2026h[?25l[A[1Gpulling manifest [K
pulling 78b329e716e7:  34% ▕██████            ▏ 6.3 GB/ 18 GB  790 MB/s     15s[K[?25h[?2026l[?2026h[?25l[A[1Gpulling manifest [K
pulling 78b329e716e7:  34% ▕██████            ▏ 6.4 GB/ 18 GB  788 MB/s     15s[K[?25h[?2026l[?2026h[?25l[A[1Gpulling manifest [K
pulling 78b329e716e7:  35% ▕██████            ▏ 6.4 GB/ 18 GB  788 MB/s     15s[K[?25h[?2026l[?2026h[?25l[A[1Gpulling manifest [K
pulling 78b329e716e7:  35% ▕██████            ▏ 6.5 GB/ 18 GB  788 MB/s     15s[K[?25h[?2026l[?2026h[?25l[A[1Gpulling manifest [K
pulling 78b329e716e7:  36% ▕██████            ▏ 6.6 GB/ 18 GB  788 MB/s     15s[K[?25h[?2026l[?2026h[?25l[A[1Gpulling manifest [K
pulling 78b329e716e7:  36% ▕██████            ▏ 6.6 GB/ 18 GB  788 MB/s     15s[K[?25h[?2026l[?2026h[?25l[A[1Gpulling manifest [K
pulling 78b329e716e7:  36% ▕██████            ▏ 6.7 GB/ 18 GB  788 MB/s     15s[K[?25h[?2026l[?2026h[?25l[A[1Gpulling manifest [K
pulling 78b329e716e7:  37% ▕██████            ▏ 6.8 GB/ 18 GB  788 MB/s     14s[K[?25h[?2026l[?2026h[?25l[A[1Gpulling manifest [K
pulling 78b329e716e7:  37% ▕██████            ▏ 6.9 GB/ 18 GB  788 MB/s     14s[K[?25h[?2026l[?2026h[?25l[A[1Gpulling manifest [K
pulling 78b329e716e7:  38% ▕██████            ▏ 7.0 GB/ 18 GB  788 MB/s     14s[K[?25h[?2026l[?2026h[?25l[A[1Gpulling manifest [K
pulling 78b329e716e7:  38% ▕██████            ▏ 7.1 GB/ 18 GB  788 MB/s     14s[K[?25h[?2026l[?2026h[?25l[A[1Gpulling manifest [K
pulling 78b329e716e7:  38% ▕██████            ▏ 7.1 GB/ 18 GB  786 MB/s     14s[K[?25h[?2026l[?2026h[?25l[A[1Gpulling manifest [K
pulling 78b329e716e7:  39% ▕██████            ▏ 7.2 GB/ 18 GB  786 MB/s     14s[K[?25h[?2026l[?2026h[?25l[A[1Gpulling manifest [K
pulling 78b329e716e7:  39% ▕███████           ▏ 7.3 GB/ 18 GB  786 MB/s     14s[K[?25h[?2026l[?2026h[?25l[A[1Gpulling manifest [K
pulling 78b329e716e7:  39% ▕███████           ▏ 7.3 GB/ 18 GB  786 MB/s     14s[K[?25h[?2026l[?2026h[?25l[A[1Gpulling manifest [K
pulling 78b329e716e7:  40% ▕███████           ▏ 7.4 GB/ 18 GB  786 MB/s     14s[K[?25h[?2026l[?2026h[?25l[A[1Gpulling manifest [K
pulling 78b329e716e7:  40% ▕███████           ▏ 7.5 GB/ 18 GB  786 MB/s     14s[K[?25h[?2026l[?2026h[?25l[A[1Gpulling manifest [K
pulling 78b329e716e7:  41% ▕███████           ▏ 7.6 GB/ 18 GB  786 MB/s     13s[K[?25h[?2026l[?2026h[?25l[A[1Gpulling manifest [K
pulling 78b329e716e7:  41% ▕███████           ▏ 7.6 GB/ 18 GB  786 MB/s     13s[K[?25h[?2026l[?2026h[?25l[A[1Gpulling manifest [K
pulling 78b329e716e7:  42% ▕███████           ▏ 7.7 GB/ 18 GB  786 MB/s     13s[K[?25h[?2026l[?2026h[?25l[A[1Gpulling manifest [K
pulling 78b329e716e7:  42% ▕███████           ▏ 7.8 GB/ 18 GB  786 MB/s     13s[K[?25h[?2026l[?2026h[?25l[A[1Gpulling manifest [K
pulling 78b329e716e7:  42% ▕███████           ▏ 7.9 GB/ 18 GB  784 MB/s     13s[K[?25h[?2026l[?2026h[?25l[A[1Gpulling manifest [K
pulling 78b329e716e7:  43% ▕███████           ▏ 8.0 GB/ 18 GB  784 MB/s     13s[K[?25h[?2026l[?2026h[?25l[A[1Gpulling manifest [K
pulling 78b329e716e7:  43% ▕███████           ▏ 8.0 GB/ 18 GB  784 MB/s     13s[K[?25h[?2026l[?2026h[?25l[A[1Gpulling manifest [K
pulling 78b329e716e7:  44% ▕███████           ▏ 8.1 GB/ 18 GB  784 MB/s     13s[K[?25h[?2026l[?2026h[?25l[A[1Gpulling manifest [K
pulling 78b329e716e7:  44% ▕███████           ▏ 8.1 GB/ 18 GB  784 MB/s     13s[K[?25h[?2026l[?2026h[?25l[A[1Gpulling manifest [K
pulling 78b329e716e7:  44% ▕███████           ▏ 8.1 GB/ 18 GB  784 MB/s     13s[K[?25h[?2026l[?2026h[?25l[A[1Gpulling manifest [K
pulling 78b329e716e7:  44% ▕███████           ▏ 8.1 GB/ 18 GB  784 MB/s     13s[K[?25h[?2026l[?2026h[?25l[A[1Gpulling manifest [K
pulling 78b329e716e7:  44% ▕███████           ▏ 8.1 GB/ 18 GB  784 MB/s     13s[K[?25h[?2026l[?2026h[?25l[A[1Gpulling manifest [K
pulling 78b329e716e7:  44% ▕███████           ▏ 8.2 GB/ 18 GB  784 MB/s     13s[K[?25h[?2026l[?2026h[?25l[A[1Gpulling manifest [K
pulling 78b329e716e7:  44% ▕███████           ▏ 8.2 GB/ 18 GB  784 MB/s     13s[K[?25h[?2026l[?2026h[?25l[A[1Gpulling manifest [K
pulling 78b329e716e7:  44% ▕███████           ▏ 8.2 GB/ 18 GB  726 MB/s     14s[K[?25h[?2026l[?2026h[?25l[A[1Gpulling manifest [K
pulling 78b329e716e7:  44% ▕███████           ▏ 8.2 GB/ 18 GB  726 MB/s     14s[K[?25h[?2026l[?2026h[?25l[A[1Gpulling manifest [K
pulling 78b329e716e7:  44% ▕███████           ▏ 8.2 GB/ 18 GB  726 MB/s     14s[K[?25h[?2026l[?2026h[?25l[A[1Gpulling manifest [K
pulling 78b329e716e7:  45% ▕████████          ▏ 8.3 GB/ 18 GB  726 MB/s     14s[K[?25h[?2026l[?2026h[?25l[A[1Gpulling manifest [K
pulling 78b329e716e7:  45% ▕████████          ▏ 8.3 GB/ 18 GB  726 MB/s     14s[K[?25h[?2026l[?2026h[?25l[A[1Gpulling manifest [K
pulling 78b329e716e7:  45% ▕████████          ▏ 8.4 GB/ 18 GB  726 MB/s     13s[K[?25h[?2026l[?2026h[?25l[A[1Gpulling manifest [K
pulling 78b329e716e7:  46% ▕████████          ▏ 8.5 GB/ 18 GB  726 MB/s     13s[K[?25h[?2026l[?2026h[?25l[A[1Gpulling manifest [K
pulling 78b329e716e7:  46% ▕████████          ▏ 8.6 GB/ 18 GB  726 MB/s     13s[K[?25h[?2026l[?2026h[?25l[A[1Gpulling manifest [K
pulling 78b329e716e7:  47% ▕████████          ▏ 8.7 GB/ 18 GB  726 MB/s     13s[K[?25h[?2026l[?2026h[?25l[A[1Gpulling manifest [K
pulling 78b329e716e7:  47% ▕████████          ▏ 8.8 GB/ 18 GB  726 MB/s     13s[K[?25h[?2026l[?2026h[?25l[A[1Gpulling manifest [K
pulling 78b329e716e7:  47% ▕████████          ▏ 8.8 GB/ 18 GB  726 MB/s     13s[K[?25h[?2026l[?2026h[?25l[A[1Gpulling manifest [K
pulling 78b329e716e7:  48% ▕████████          ▏ 8.9 GB/ 18 GB  712 MB/s     13s[K[?25h[?2026l[?2026h[?25l[A[1Gpulling manifest [K
pulling 78b329e716e7:  48% ▕████████          ▏ 9.0 GB/ 18 GB  712 MB/s     13s[K[?25h[?2026l[?2026h[?25l[A[1Gpulling manifest [K
pulling 78b329e716e7:  49% ▕████████          ▏ 9.0 GB/ 18 GB  712 MB/s     13s[K[?25h[?2026l[?2026h[?25l[A[1Gpulling manifest [K
pulling 78b329e716e7:  49% ▕████████          ▏ 9.1 GB/ 18 GB  712 MB/s     13s[K[?25h[?2026l[?2026h[?25l[A[1Gpulling manifest [K
pulling 78b329e716e7:  50% ▕████████          ▏ 9.2 GB/ 18 GB  712 MB/s     13s[K[?25h[?2026l[?2026h[?25l[A[1Gpulling manifest [K
pulling 78b329e716e7:  50% ▕████████          ▏ 9.2 GB/ 18 GB  712 MB/s     13s[K[?25h[?2026l[?2026h[?25l[A[1Gpulling manifest [K
pulling 78b329e716e7:  50% ▕█████████         ▏ 9.3 GB/ 18 GB  712 MB/s     12s[K[?25h[?2026l[?2026h[?25l[A[1Gpulling manifest [K
pulling 78b329e716e7:  51% ▕█████████         ▏ 9.4 GB/ 18 GB  712 MB/s     12s[K[?25h[?2026l[?2026h[?25l[A[1Gpulling manifest [K
pulling 78b329e716e7:  51% ▕█████████         ▏ 9.4 GB/ 18 GB  712 MB/s     12s[K[?25h[?2026l[?2026h[?25l[A[1Gpulling manifest [K
pulling 78b329e716e7:  51% ▕█████████         ▏ 9.4 GB/ 18 GB  712 MB/s     12s[K[?25h[?2026l[?2026h[?25l[A[1Gpulling manifest [K
pulling 78b329e716e7:  51% ▕█████████         ▏ 9.5 GB/ 18 GB  694 MB/s     13s[K[?25h[?2026l[?2026h[?25l[A[1Gpulling manifest [K
pulling 78b329e716e7:  51% ▕█████████         ▏ 9.5 GB/ 18 GB  694 MB/s     13s[K[?25h[?2026l[?2026h[?25l[A[1Gpulling manifest [K
pulling 78b329e716e7:  51% ▕█████████         ▏ 9.5 GB/ 18 GB  694 MB/s     13s[K[?25h[?2026l[?2026h[?25l[A[1Gpulling manifest [K
pulling 78b329e716e7:  51% ▕█████████         ▏ 9.5 GB/ 18 GB  694 MB/s     12s[K[?25h[?2026l[?2026h[?25l[A[1Gpulling manifest [K
pulling 78b329e716e7:  52% ▕█████████         ▏ 9.6 GB/ 18 GB  694 MB/s     12s[K[?25h[?2026l[?2026h[?25l[A[1Gpulling manifest [K
pulling 78b329e716e7:  52% ▕█████████         ▏ 9.6 GB/ 18 GB  694 MB/s     12s[K[?25h[?2026l[?2026h[?25l[A[1Gpulling manifest [K
pulling 78b329e716e7:  52% ▕█████████         ▏ 9.6 GB/ 18 GB  694 MB/s     12s[K[?25h[?2026l[?2026h[?25l[A[1Gpulling manifest [K
pulling 78b329e716e7:  52% ▕█████████         ▏ 9.6 GB/ 18 GB  694 MB/s     12s[K[?25h[?2026l[?2026h[?25l[A[1Gpulling manifest [K
pulling 78b329e716e7:  52% ▕█████████         ▏ 9.7 GB/ 18 GB  694 MB/s     12s[K[?25h[?2026l[?2026h[?25l[A[1Gpulling manifest [K
pulling 78b329e716e7:  52% ▕█████████         ▏ 9.7 GB/ 18 GB  694 MB/s     12s[K[?25h[?2026l[?2026h[?25l[A[1Gpulling manifest [K
pulling 78b329e716e7:  52% ▕█████████         ▏ 9.7 GB/ 18 GB  635 MB/s     13s[K[?25h[?2026l[?2026h[?25l[A[1Gpulling manifest [K
pulling 78b329e716e7:  53% ▕█████████         ▏ 9.7 GB/ 18 GB  635 MB/s     13s[K[?25h[?2026l[?2026h[?25l[A[1Gpulling manifest [K
pulling 78b329e716e7:  53% ▕█████████         ▏ 9.8 GB/ 18 GB  635 MB/s     13s[K[?25h[?2026l[?2026h[?25l[A[1Gpulling manifest [K
pulling 78b329e716e7:  53% ▕█████████         ▏ 9.8 GB/ 18 GB  635 MB/s     13s[K[?25h[?2026l[?2026h[?25l[A[1Gpulling manifest [K
pulling 78b329e716e7:  53% ▕█████████         ▏ 9.8 GB/ 18 GB  635 MB/s     13s[K[?25h[?2026l[?2026h[?25l[A[1Gpulling manifest [K
pulling 78b329e716e7:  53% ▕█████████         ▏ 9.8 GB/ 18 GB  635 MB/s     13s[K[?25h[?2026l[?2026h[?25l[A[1Gpulling manifest [K
pulling 78b329e716e7:  53% ▕█████████         ▏ 9.8 GB/ 18 GB  635 MB/s     13s[K[?25h[?2026l[?2026h[?25l[A[1Gpulling manifest [K
pulling 78b329e716e7:  53% ▕█████████         ▏ 9.9 GB/ 18 GB  635 MB/s     13s[K[?25h[?2026l[?2026h[?25l[A[1Gpulling manifest [K
pulling 78b329e716e7:  53% ▕█████████         ▏ 9.9 GB/ 18 GB  635 MB/s     13s[K[?25h[?2026l[?2026h[?25l[A[1Gpulling manifest [K
pulling 78b329e716e7:  53% ▕█████████         ▏ 9.9 GB/ 18 GB  635 MB/s     13s[K[?25h[?2026l[?2026h[?25l[A[1Gpulling manifest [K
pulling 78b329e716e7:  53% ▕█████████         ▏ 9.9 GB/ 18 GB  569 MB/s     15s[K[?25h[?2026l[?2026h[?25l[A[1Gpulling manifest [K
pulling 78b329e716e7:  54% ▕█████████         ▏ 9.9 GB/ 18 GB  569 MB/s     15s[K[?25h[?2026l[?2026h[?25l[A[1Gpulling manifest [K
pulling 78b329e716e7:  54% ▕█████████         ▏ 9.9 GB/ 18 GB  569 MB/s     15s[K[?25h[?2026l[?2026h[?25l[A[1Gpulling manifest [K
pulling 78b329e716e7:  54% ▕█████████        ▏ 10.0 GB/ 18 GB  569 MB/s     15s[K[?25h[?2026l[?2026h[?25l[A[1Gpulling manifest [K
pulling 78b329e716e7:  54% ▕█████████        ▏ 10.0 GB/ 18 GB  569 MB/s     15s[K[?25h[?2026l[?2026h[?25l[A[1Gpulling manifest [K
pulling 78b329e716e7:  54% ▕█████████        ▏ 10.0 GB/ 18 GB  569 MB/s     15s[K[?25h[?2026l[?2026h[?25l[A[1Gpulling manifest [K
pulling 78b329e716e7:  54% ▕█████████         ▏  10 GB/ 18 GB  569 MB/s     15s[K[?25h[?2026l[?2026h[?25l[A[1Gpulling manifest [K
pulling 78b329e716e7:  54% ▕█████████         ▏  10 GB/ 18 GB  569 MB/s     14s[K[?25h[?2026l[?2026h[?25l[A[1Gpulling manifest [K
pulling 78b329e716e7:  54% ▕█████████         ▏  10 GB/ 18 GB  569 MB/s     14s[K[?25h[?2026l[?2026h[?25l[A[1Gpulling manifest [K
pulling 78b329e716e7:  54% ▕█████████         ▏  10 GB/ 18 GB  569 MB/s     14s[K[?25h[?2026l[?2026h[?25l[A[1Gpulling manifest [K
pulling 78b329e716e7:  54% ▕█████████         ▏  10 GB/ 18 GB  501 MB/s     16s[K[?25h[?2026l[?2026h[?25l[A[1Gpulling manifest [K
pulling 78b329e716e7:  54% ▕█████████         ▏  10 GB/ 18 GB  501 MB/s     16s[K[?25h[?2026l[?2026h[?25l[A[1Gpulling manifest [K
pulling 78b329e716e7:  54% ▕█████████         ▏  10 GB/ 18 GB  501 MB/s     16s[K[?25h[?2026l[?2026h[?25l[A[1Gpulling manifest [K
pulling 78b329e716e7:  54% ▕█████████         ▏  10 GB/ 18 GB  501 MB/s     16s[K[?25h[?2026l[?2026h[?25l[A[1Gpulling manifest [K
pulling 78b329e716e7:  55% ▕█████████         ▏  10 GB/ 18 GB  501 MB/s     16s[K[?25h[?2026l[?2026h[?25l[A[1Gpulling manifest [K
pulling 78b329e716e7:  55% ▕█████████         ▏  10 GB/ 18 GB  501 MB/s     16s[K[?25h[?2026l[?2026h[?25l[A[1Gpulling manifest [K
pulling 78b329e716e7:  55% ▕█████████         ▏  10 GB/ 18 GB  501 MB/s     16s[K[?25h[?2026l[?2026h[?25l[A[1Gpulling manifest [K
pulling 78b329e716e7:  55% ▕█████████         ▏  10 GB/ 18 GB  501 MB/s     16s[K[?25h[?2026l[?2026h[?25l[A[1Gpulling manifest [K
pulling 78b329e716e7:  55% ▕█████████         ▏  10 GB/ 18 GB  501 MB/s     16s[K[?25h[?2026l[?2026h[?25l[A[1Gpulling manifest [K
pulling 78b329e716e7:  55% ▕█████████         ▏  10 GB/ 18 GB  501 MB/s     16s[K[?25h[?2026l[?2026h[?25l[A[1Gpulling manifest [K
pulling 78b329e716e7:  55% ▕█████████         ▏  10 GB/ 18 GB  501 MB/s     16s[K[?25h[?2026l[?2026h[?25l[A[1Gpulling manifest [K
pulling 78b329e716e7:  55% ▕█████████         ▏  10 GB/ 18 GB  433 MB/s     19s[K[?25h[?2026l[?2026h[?25l[A[1Gpulling manifest [K
pulling 78b329e716e7:  55% ▕█████████         ▏  10 GB/ 18 GB  433 MB/s     19s[K[?25h[?2026l[?2026h[?25l[A[1Gpulling manifest [K
pulling 78b329e716e7:  55% ▕█████████         ▏  10 GB/ 18 GB  433 MB/s     19s[K[?25h[?2026l[?2026h[?25l[A[1Gpulling manifest [K
pulling 78b329e716e7:  55% ▕█████████         ▏  10 GB/ 18 GB  433 MB/s     19s[K[?25h[?2026l[?2026h[?25l[A[1Gpulling manifest [K
pulling 78b329e716e7:  55% ▕█████████         ▏  10 GB/ 18 GB  433 MB/s     19s[K[?25h[?2026l[?2026h[?25l[A[1Gpulling manifest [K
pulling 78b329e716e7:  56% ▕█████████         ▏  10 GB/ 18 GB  433 MB/s     19s[K[?25h[?2026l[?2026h[?25l[A[1Gpulling manifest [K
pulling 78b329e716e7:  56% ▕██████████        ▏  10 GB/ 18 GB  433 MB/s     19s[K[?25h[?2026l[?2026h[?25l[A[1Gpulling manifest [K
pulling 78b329e716e7:  56% ▕██████████        ▏  10 GB/ 18 GB  433 MB/s     18s[K[?25h[?2026l[?2026h[?25l[A[1Gpulling manifest [K
pulling 78b329e716e7:  56% ▕██████████        ▏  10 GB/ 18 GB  433 MB/s     18s[K[?25h[?2026l[?2026h[?25l[A[1Gpulling manifest [K
pulling 78b329e716e7:  56% ▕██████████        ▏  10 GB/ 18 GB  433 MB/s     18s[K[?25h[?2026l[?2026h[?25l[A[1Gpulling manifest [K
pulling 78b329e716e7:  56% ▕██████████        ▏  10 GB/ 18 GB  364 MB/s     22s[K[?25h[?2026l[?2026h[?25l[A[1Gpulling manifest [K
pulling 78b329e716e7:  56% ▕██████████        ▏  10 GB/ 18 GB  364 MB/s     22s[K[?25h[?2026l[?2026h[?25l[A[1Gpulling manifest [K
pulling 78b329e716e7:  56% ▕██████████        ▏  10 GB/ 18 GB  364 MB/s     22s[K[?25h[?2026l[?2026h[?25l[A[1Gpulling manifest [K
pulling 78b329e716e7:  56% ▕██████████        ▏  10 GB/ 18 GB  364 MB/s     22s[K[?25h[?2026l[?2026h[?25l[A[1Gpulling manifest [K
pulling 78b329e716e7:  56% ▕██████████        ▏  10 GB/ 18 GB  364 MB/s     22s[K[?25h[?2026l[?2026h[?25l[A[1Gpulling manifest [K
pulling 78b329e716e7:  56% ▕██████████        ▏  10 GB/ 18 GB  364 MB/s     22s[K[?25h[?2026l[?2026h[?25l[A[1Gpulling manifest [K
pulling 78b329e716e7:  56% ▕██████████        ▏  10 GB/ 18 GB  364 MB/s     22s[K[?25h[?2026l[?2026h[?25l[A[1Gpulling manifest [K
pulling 78b329e716e7:  56% ▕██████████        ▏  10 GB/ 18 GB  364 MB/s     22s[K[?25h[?2026l[?2026h[?25l[A[1Gpulling manifest [K
pulling 78b329e716e7:  56% ▕██████████        ▏  10 GB/ 18 GB  364 MB/s     22s[K[?25h[?2026l[?2026h[?25l[A[1Gpulling manifest [K
pulling 78b329e716e7:  57% ▕██████████        ▏  10 GB/ 18 GB  364 MB/s     22s[K[?25h[?2026l[?2026h[?25l[A[1Gpulling manifest [K
pulling 78b329e716e7:  57% ▕██████████        ▏  10 GB/ 18 GB  289 MB/s     27s[K[?25h[?2026l[?2026h[?25l[A[1Gpulling manifest [K
pulling 78b329e716e7:  57% ▕██████████        ▏  10 GB/ 18 GB  289 MB/s     27s[K[?25h[?2026l[?2026h[?25l[A[1Gpulling manifest [K
pulling 78b329e716e7:  57% ▕██████████        ▏  10 GB/ 18 GB  289 MB/s     27s[K[?25h[?2026l[?2026h[?25l[A[1Gpulling manifest [K
pulling 78b329e716e7:  57% ▕██████████        ▏  10 GB/ 18 GB  289 MB/s     27s[K[?25h[?2026l[?2026h[?25l[A[1Gpulling manifest [K
pulling 78b329e716e7:  57% ▕██████████        ▏  10 GB/ 18 GB  289 MB/s     27s[K[?25h[?2026l[?2026h[?25l[A[1Gpulling manifest [K
pulling 78b329e716e7:  57% ▕██████████        ▏  10 GB/ 18 GB  289 MB/s     27s[K[?25h[?2026l[?2026h[?25l[A[1Gpulling manifest [K
pulling 78b329e716e7:  57% ▕██████████        ▏  10 GB/ 18 GB  289 MB/s     27s[K[?25h[?2026l[?2026h[?25l[A[1Gpulling manifest [K
pulling 78b329e716e7:  57% ▕██████████        ▏  10 GB/ 18 GB  289 MB/s     27s[K[?25h[?2026l[?2026h[?25l[A[1Gpulling manifest [K
pulling 78b329e716e7:  57% ▕██████████        ▏  10 GB/ 18 GB  289 MB/s     27s[K[?25h[?2026l[?2026h[?25l[A[1Gpulling manifest [K
pulling 78b329e716e7:  57% ▕██████████        ▏  10 GB/ 18 GB  289 MB/s     27s[K[?25h[?2026l[?2026h[?25l[A[1Gpulling manifest [K
pulling 78b329e716e7:  57% ▕██████████        ▏  10 GB/ 18 GB  269 MB/s     29s[K[?25h[?2026l[?2026h[?25l[A[1Gpulling manifest [K
pulling 78b329e716e7:  57% ▕██████████        ▏  10 GB/ 18 GB  269 MB/s     29s[K[?25h[?2026l[?2026h[?25l[A[1Gpulling manifest [K
pulling 78b329e716e7:  57% ▕██████████        ▏  10 GB/ 18 GB  269 MB/s     29s[K[?25h[?2026l[?2026h[?25l[A[1Gpulling manifest [K
pulling 78b329e716e7:  57% ▕██████████        ▏  10 GB/ 18 GB  269 MB/s     29s[K[?25h[?2026l[?2026h[?25l[A[1Gpulling manifest [K
pulling 78b329e716e7:  57% ▕██████████        ▏  10 GB/ 18 GB  269 MB/s     29s[K[?25h[?2026l[?2026h[?25l[A[1Gpulling manifest [K
pulling 78b329e716e7:  57% ▕██████████        ▏  10 GB/ 18 GB  269 MB/s     29s[K[?25h[?2026l[?2026h[?25l[A[1Gpulling manifest [K
pulling 78b329e716e7:  58% ▕██████████        ▏  10 GB/ 18 GB  269 MB/s     29s[K[?25h[?2026l[?2026h[?25l[A[1Gpulling manifest [K
pulling 78b329e716e7:  58% ▕██████████        ▏  10 GB/ 18 GB  269 MB/s     29s[K[?25h[?2026l[?2026h[?25l[A[1Gpulling manifest [K
pulling 78b329e716e7:  58% ▕██████████        ▏  10 GB/ 18 GB  269 MB/s     29s[K[?25h[?2026l[?2026h[?25l[A[1Gpulling manifest [K
pulling 78b329e716e7:  58% ▕██████████        ▏  10 GB/ 18 GB  269 MB/s     29s[K[?25h[?2026l[?2026h[?25l[A[1Gpulling manifest [K
pulling 78b329e716e7:  58% ▕██████████        ▏  10 GB/ 18 GB  207 MB/s     37s[K[?25h[?2026l[?2026h[?25l[A[1Gpulling manifest [K
pulling 78b329e716e7:  58% ▕██████████        ▏  10 GB/ 18 GB  207 MB/s     37s[K[?25h[?2026l[?2026h[?25l[A[1Gpulling manifest [K
pulling 78b329e716e7:  58% ▕██████████        ▏  10 GB/ 18 GB  207 MB/s     37s[K[?25h[?2026l[?2026h[?25l[A[1Gpulling manifest [K
pulling 78b329e716e7:  58% ▕██████████        ▏  10 GB/ 18 GB  207 MB/s     37s[K[?25h[?2026l[?2026h[?25l[A[1Gpulling manifest [K
pulling 78b329e716e7:  58% ▕██████████        ▏  10 GB/ 18 GB  207 MB/s     37s[K[?25h[?2026l[?2026h[?25l[A[1Gpulling manifest [K
pulling 78b329e716e7:  58% ▕██████████        ▏  10 GB/ 18 GB  207 MB/s     37s[K[?25h[?2026l[?2026h[?25l[A[1Gpulling manifest [K
pulling 78b329e716e7:  58% ▕██████████        ▏  10 GB/ 18 GB  207 MB/s     37s[K[?25h[?2026l[?2026h[?25l[A[1Gpulling manifest [K
pulling 78b329e716e7:  58% ▕██████████        ▏  10 GB/ 18 GB  207 MB/s     37s[K[?25h[?2026l[?2026h[?25l[A[1Gpulling manifest [K
pulling 78b329e716e7:  58% ▕██████████        ▏  10 GB/ 18 GB  207 MB/s     37s[K[?25h[?2026l[?2026h[?25l[A[1Gpulling manifest [K
pulling 78b329e716e7:  58% ▕██████████        ▏  10 GB/ 18 GB  207 MB/s     37s[K[?25h[?2026l[?2026h[?25l[A[1Gpulling manifest [K
pulling 78b329e716e7:  58% ▕██████████        ▏  10 GB/ 18 GB  207 MB/s     37s[K[?25h[?2026l[?2026h[?25l[A[1Gpulling manifest [K
pulling 78b329e716e7:  58% ▕██████████        ▏  10 GB/ 18 GB  150 MB/s     51s[K[?25h[?2026l[?2026h[?25l[A[1Gpulling manifest [K
pulling 78b329e716e7:  58% ▕██████████        ▏  10 GB/ 18 GB  150 MB/s     51s[K[?25h[?2026l[?2026h[?25l[A[1Gpulling manifest [K
pulling 78b329e716e7:  58% ▕██████████        ▏  10 GB/ 18 GB  150 MB/s     51s[K[?25h[?2026l[?2026h[?25l[A[1Gpulling manifest [K
pulling 78b329e716e7:  59% ▕██████████        ▏  10 GB/ 18 GB  150 MB/s     51s[K[?25h[?2026l[?2026h[?25l[A[1Gpulling manifest [K
pulling 78b329e716e7:  59% ▕██████████        ▏  10 GB/ 18 GB  150 MB/s     51s[K[?25h[?2026l[?2026h[?25l[A[1Gpulling manifest [K
pulling 78b329e716e7:  59% ▕██████████        ▏  10 GB/ 18 GB  150 MB/s     51s[K[?25h[?2026l[?2026h[?25l[A[1Gpulling manifest [K
pulling 78b329e716e7:  59% ▕██████████        ▏  10 GB/ 18 GB  150 MB/s     51s[K[?25h[?2026l[?2026h[?25l[A[1Gpulling manifest [K
pulling 78b329e716e7:  59% ▕██████████        ▏  10 GB/ 18 GB  150 MB/s     50s[K[?25h[?2026l[?2026h[?25l[A[1Gpulling manifest [K
pulling 78b329e716e7:  59% ▕██████████        ▏  10 GB/ 18 GB  150 MB/s     50s[K[?25h[?2026l[?2026h[?25l[A[1Gpulling manifest [K
pulling 78b329e716e7:  59% ▕██████████        ▏  10 GB/ 18 GB  150 MB/s     50s[K[?25h[?2026l[?2026h[?25l[A[1Gpulling manifest [K
pulling 78b329e716e7:  59% ▕██████████        ▏  10 GB/ 18 GB  132 MB/s     57s[K[?25h[?2026l[?2026h[?25l[A[1Gpulling manifest [K
pulling 78b329e716e7:  59% ▕██████████        ▏  10 GB/ 18 GB  132 MB/s     57s[K[?25h[?2026l[?2026h[?25l[A[1Gpulling manifest [K
pulling 78b329e716e7:  59% ▕██████████        ▏  10 GB/ 18 GB  132 MB/s     57s[K[?25h[?2026l[?2026h[?25l[A[1Gpulling manifest [K
pulling 78b329e716e7:  59% ▕██████████        ▏  10 GB/ 18 GB  132 MB/s     57s[K[?25h[?2026l[?2026h[?25l[A[1Gpulling manifest [K
pulling 78b329e716e7:  59% ▕██████████        ▏  10 GB/ 18 GB  132 MB/s     57s[K[?25h[?2026l[?2026h[?25l[A[1Gpulling manifest [K
pulling 78b329e716e7:  59% ▕██████████        ▏  10 GB/ 18 GB  132 MB/s     57s[K[?25h[?2026l[?2026h[?25l[A[1Gpulling manifest [K
pulling 78b329e716e7:  59% ▕██████████        ▏  10 GB/ 18 GB  132 MB/s     57s[K[?25h[?2026l[?2026h[?25l[A[1Gpulling manifest [K
pulling 78b329e716e7:  59% ▕██████████        ▏  10 GB/ 18 GB  132 MB/s     56s[K[?25h[?2026l[?2026h[?25l[A[1Gpulling manifest [K
pulling 78b329e716e7:  59% ▕██████████        ▏  10 GB/ 18 GB  132 MB/s     56s[K[?25h[?2026l[?2026h[?25l[A[1Gpulling manifest [K
pulling 78b329e716e7:  59% ▕██████████        ▏  11 GB/ 18 GB  132 MB/s     56s[K[?25h[?2026l[?2026h[?25l[A[1Gpulling manifest [K
pulling 78b329e716e7:  59% ▕██████████        ▏  11 GB/ 18 GB  124 MB/s    1m0s[K[?25h[?2026l[?2026h[?25l[A[1Gpulling manifest [K
pulling 78b329e716e7:  59% ▕██████████        ▏  11 GB/ 18 GB  124 MB/s    1m0s[K[?25h[?2026l[?2026h[?25l[A[1Gpulling manifest [K
pulling 78b329e716e7:  60% ▕██████████        ▏  11 GB/ 18 GB  124 MB/s    1m0s[K[?25h[?2026l[?2026h[?25l[A[1Gpulling manifest [K
pulling 78b329e716e7:  60% ▕██████████        ▏  11 GB/ 18 GB  124 MB/s    1m0s[K[?25h[?2026l[?2026h[?25l[A[1Gpulling manifest [K
pulling 78b329e716e7:  60% ▕██████████        ▏  11 GB/ 18 GB  124 MB/s    1m0s[K[?25h[?2026l[?2026h[?25l[A[1Gpulling manifest [K
pulling 78b329e716e7:  60% ▕██████████        ▏  11 GB/ 18 GB  124 MB/s    1m0s[K[?25h[?2026l[?2026h[?25l[A[1Gpulling manifest [K
pulling 78b329e716e7:  60% ▕██████████        ▏  11 GB/ 18 GB  124 MB/s     59s[K[?25h[?2026l[?2026h[?25l[A[1Gpulling manifest [K
pulling 78b329e716e7:  60% ▕██████████        ▏  11 GB/ 18 GB  124 MB/s     59s[K[?25h[?2026l[?2026h[?25l[A[1Gpulling manifest [K
pulling 78b329e716e7:  60% ▕██████████        ▏  11 GB/ 18 GB  124 MB/s     59s[K[?25h[?2026l[?2026h[?25l[A[1Gpulling manifest [K
pulling 78b329e716e7:  60% ▕██████████        ▏  11 GB/ 18 GB  124 MB/s     59s[K[?25h[?2026l[?2026h[?25l[A[1Gpulling manifest [K
pulling 78b329e716e7:  60% ▕██████████        ▏  11 GB/ 18 GB  117 MB/s    1m2s[K[?25h[?2026l[?2026h[?25l[A[1Gpulling manifest [K
pulling 78b329e716e7:  60% ▕██████████        ▏  11 GB/ 18 GB  117 MB/s    1m2s[K[?25h[?2026l[?2026h[?25l[A[1Gpulling manifest [K
pulling 78b329e716e7:  60% ▕██████████        ▏  11 GB/ 18 GB  117 MB/s    1m2s[K[?25h[?2026l[?2026h[?25l[A[1Gpulling manifest [K
pulling 78b329e716e7:  60% ▕██████████        ▏  11 GB/ 18 GB  117 MB/s    1m2s[K[?25h[?2026l[?2026h[?25l[A[1Gpulling manifest [K
pulling 78b329e716e7:  60% ▕██████████        ▏  11 GB/ 18 GB  117 MB/s    1m2s[K[?25h[?2026l[?2026h[?25l[A[1Gpulling manifest [K
pulling 78b329e716e7:  60% ▕██████████        ▏  11 GB/ 18 GB  117 MB/s    1m2s[K[?25h[?2026l[?2026h[?25l[A[1Gpulling manifest [K
pulling 78b329e716e7:  60% ▕██████████        ▏  11 GB/ 18 GB  117 MB/s    1m2s[K[?25h[?2026l[?2026h[?25l[A[1Gpulling manifest [K
pulling 78b329e716e7:  60% ▕██████████        ▏  11 GB/ 18 GB  117 MB/s    1m2s[K[?25h[?2026l[?2026h[?25l[A[1Gpulling manifest [K
pulling 78b329e716e7:  60% ▕██████████        ▏  11 GB/ 18 GB  117 MB/s    1m2s[K[?25h[?2026l[?2026h[?25l[A[1Gpulling manifest [K
pulling 78b329e716e7:  60% ▕██████████        ▏  11 GB/ 18 GB  117 MB/s    1m2s[K[?25h[?2026l[?2026h[?25l[A[1Gpulling manifest [K
pulling 78b329e716e7:  61% ▕██████████        ▏  11 GB/ 18 GB  111 MB/s    1m5s[K[?25h[?2026l[?2026h[?25l[A[1Gpulling manifest [K
pulling 78b329e716e7:  61% ▕██████████        ▏  11 GB/ 18 GB  111 MB/s    1m5s[K[?25h[?2026l[?2026h[?25l[A[1Gpulling manifest [K
pulling 78b329e716e7:  61% ▕██████████        ▏  11 GB/ 18 GB  111 MB/s    1m5s[K[?25h[?2026l[?2026h[?25l[A[1Gpulling manifest [K
pulling 78b329e716e7:  61% ▕██████████        ▏  11 GB/ 18 GB  111 MB/s    1m5s[K[?25h[?2026l[?2026h[?25l[A[1Gpulling manifest [K
pulling 78b329e716e7:  61% ▕██████████        ▏  11 GB/ 18 GB  111 MB/s    1m5s[K[?25h[?2026l[?2026h[?25l[A[1Gpulling manifest [K
pulling 78b329e716e7:  61% ▕██████████        ▏  11 GB/ 18 GB  111 MB/s    1m5s[K[?25h[?2026l[?2026h[?25l[A[1Gpulling manifest [K
pulling 78b329e716e7:  61% ▕██████████        ▏  11 GB/ 18 GB  111 MB/s    1m5s[K[?25h[?2026l[?2026h[?25l[A[1Gpulling manifest [K
pulling 78b329e716e7:  61% ▕██████████        ▏  11 GB/ 18 GB  111 MB/s    1m5s[K[?25h[?2026l[?2026h[?25l[A[1Gpulling manifest [K
pulling 78b329e716e7:  61% ▕██████████        ▏  11 GB/ 18 GB  111 MB/s    1m5s[K[?25h[?2026l[?2026h[?25l[A[1Gpulling manifest [K
pulling 78b329e716e7:  61% ▕██████████        ▏  11 GB/ 18 GB  111 MB/s    1m4s[K[?25h[?2026l[?2026h[?25l[A[1Gpulling manifest [K
pulling 78b329e716e7:  61% ▕██████████        ▏  11 GB/ 18 GB  111 MB/s    1m4s[K[?25h[?2026l[?2026h[?25l[A[1Gpulling manifest [K
pulling 78b329e716e7:  61% ▕███████████       ▏  11 GB/ 18 GB  107 MB/s    1m7s[K[?25h[?2026l[?2026h[?25l[A[1Gpulling manifest [K
pulling 78b329e716e7:  61% ▕███████████       ▏  11 GB/ 18 GB  107 MB/s    1m7s[K[?25h[?2026l[?2026h[?25l[A[1Gpulling manifest [K
pulling 78b329e716e7:  61% ▕███████████       ▏  11 GB/ 18 GB  107 MB/s    1m6s[K[?25h[?2026l[?2026h[?25l[A[1Gpulling manifest [K
pulling 78b329e716e7:  61% ▕███████████       ▏  11 GB/ 18 GB  107 MB/s    1m6s[K[?25h[?2026l[?2026h[?25l[A[1Gpulling manifest [K
pulling 78b329e716e7:  61% ▕███████████       ▏  11 GB/ 18 GB  107 MB/s    1m6s[K[?25h[?2026l[?2026h[?25l[A[1Gpulling manifest [K
pulling 78b329e716e7:  61% ▕███████████       ▏  11 GB/ 18 GB  107 MB/s    1m6s[K[?25h[?2026l[?2026h[?25l[A[1Gpulling manifest [K
pulling 78b329e716e7:  61% ▕███████████       ▏  11 GB/ 18 GB  107 MB/s    1m6s[K[?25h[?2026l[?2026h[?25l[A[1Gpulling manifest [K
pulling 78b329e716e7:  62% ▕███████████       ▏  11 GB/ 18 GB  107 MB/s    1m6s[K[?25h[?2026l[?2026h[?25l[A[1Gpulling manifest [K
pulling 78b329e716e7:  62% ▕███████████       ▏  11 GB/ 18 GB  107 MB/s    1m6s[K[?25h[?2026l[?2026h[?25l[A[1Gpulling manifest [K
pulling 78b329e716e7:  62% ▕███████████       ▏  11 GB/ 18 GB  107 MB/s    1m6s[K[?25h[?2026l[?2026h[?25l[A[1Gpulling manifest [K
pulling 78b329e716e7:  62% ▕███████████       ▏  11 GB/ 18 GB  105 MB/s    1m7s[K[?25h[?2026l[?2026h[?25l[A[1Gpulling manifest [K
pulling 78b329e716e7:  62% ▕███████████       ▏  11 GB/ 18 GB  105 MB/s    1m7s[K[?25h[?2026l[?2026h[?25l[A[1Gpulling manifest [K
pulling 78b329e716e7:  62% ▕███████████       ▏  11 GB/ 18 GB  105 MB/s    1m7s[K[?25h[?2026l[?2026h[?25l[A[1Gpulling manifest [K
pulling 78b329e716e7:  62% ▕███████████       ▏  11 GB/ 18 GB  105 MB/s    1m7s[K[?25h[?2026l[?2026h[?25l[A[1Gpulling manifest [K
pulling 78b329e716e7:  62% ▕███████████       ▏  11 GB/ 18 GB  105 MB/s    1m6s[K[?25h[?2026l[?2026h[?25l[A[1Gpulling manifest [K
pulling 78b329e716e7:  62% ▕███████████       ▏  11 GB/ 18 GB  105 MB/s    1m6s[K[?25h[?2026l[?2026h[?25l[A[1Gpulling manifest [K
pulling 78b329e716e7:  62% ▕███████████       ▏  11 GB/ 18 GB  105 MB/s    1m6s[K[?25h[?2026l[?2026h[?25l[A[1Gpulling manifest [K
pulling 78b329e716e7:  62% ▕███████████       ▏  11 GB/ 18 GB  105 MB/s    1m6s[K[?25h[?2026l[?2026h[?25l[A[1Gpulling manifest [K
pulling 78b329e716e7:  62% ▕███████████       ▏  11 GB/ 18 GB  105 MB/s    1m6s[K[?25h[?2026l[?2026h[?25l[A[1Gpulling manifest [K
pulling 78b329e716e7:  62% ▕███████████       ▏  11 GB/ 18 GB  105 MB/s    1m6s[K[?25h[?2026l[?2026h[?25l[A[1Gpulling manifest [K
pulling 78b329e716e7:  62% ▕███████████       ▏  11 GB/ 18 GB  103 MB/s    1m7s[K[?25h[?2026l[?2026h[?25l[A[1Gpulling manifest [K
pulling 78b329e716e7:  62% ▕███████████       ▏  11 GB/ 18 GB  103 MB/s    1m7s[K[?25h[?2026l[?2026h[?25l[A[1Gpulling manifest [K
pulling 78b329e716e7:  62% ▕███████████       ▏  11 GB/ 18 GB  103 MB/s    1m7s[K[?25h[?2026l[?2026h[?25l[A[1Gpulling manifest [K
pulling 78b329e716e7:  62% ▕███████████       ▏  11 GB/ 18 GB  103 MB/s    1m7s[K[?25h[?2026l[?2026h[?25l[A[1Gpulling manifest [K
pulling 78b329e716e7:  62% ▕███████████       ▏  11 GB/ 18 GB  103 MB/s    1m7s[K[?25h[?2026l[?2026h[?25l[A[1Gpulling manifest [K
pulling 78b329e716e7:  62% ▕███████████       ▏  11 GB/ 18 GB  103 MB/s    1m7s[K[?25h[?2026l[?2026h[?25l[A[1Gpulling manifest [K
pulling 78b329e716e7:  62% ▕███████████       ▏  11 GB/ 18 GB  103 MB/s    1m7s[K[?25h[?2026l[?2026h[?25l[A[1Gpulling manifest [K
pulling 78b329e716e7:  62% ▕███████████       ▏  11 GB/ 18 GB  103 MB/s    1m7s[K[?25h[?2026l[?2026h[?25l[A[1Gpulling manifest [K
pulling 78b329e716e7:  63% ▕███████████       ▏  11 GB/ 18 GB  103 MB/s    1m7s[K[?25h[?2026l[?2026h[?25l[A[1Gpulling manifest [K
pulling 78b329e716e7:  63% ▕███████████       ▏  11 GB/ 18 GB  103 MB/s    1m6s[K[?25h[?2026l[?2026h[?25l[A[1Gpulling manifest [K
pulling 78b329e716e7:  63% ▕███████████       ▏  11 GB/ 18 GB  101 MB/s    1m8s[K[?25h[?2026l[?2026h[?25l[A[1Gpulling manifest [K
pulling 78b329e716e7:  63% ▕███████████       ▏  11 GB/ 18 GB  101 MB/s    1m8s[K[?25h[?2026l[?2026h[?25l[A[1Gpulling manifest [K
pulling 78b329e716e7:  63% ▕███████████       ▏  11 GB/ 18 GB  101 MB/s    1m8s[K[?25h[?2026l[?2026h[?25l[A[1Gpulling manifest [K
pulling 78b329e716e7:  63% ▕███████████       ▏  11 GB/ 18 GB  101 MB/s    1m8s[K[?25h[?2026l[?2026h[?25l[A[1Gpulling manifest [K
pulling 78b329e716e7:  63% ▕███████████       ▏  11 GB/ 18 GB  101 MB/s    1m8s[K[?25h[?2026l[?2026h[?25l[A[1Gpulling manifest [K
pulling 78b329e716e7:  63% ▕███████████       ▏  11 GB/ 18 GB  101 MB/s    1m8s[K[?25h[?2026l[?2026h[?25l[A[1Gpulling manifest [K
pulling 78b329e716e7:  63% ▕███████████       ▏  11 GB/ 18 GB  101 MB/s    1m7s[K[?25h[?2026l[?2026h[?25l[A[1Gpulling manifest [K
pulling 78b329e716e7:  63% ▕███████████       ▏  11 GB/ 18 GB  101 MB/s    1m7s[K[?25h[?2026l[?2026h[?25l[A[1Gpulling manifest [K
pulling 78b329e716e7:  63% ▕███████████       ▏  11 GB/ 18 GB  101 MB/s    1m7s[K[?25h[?2026l[?2026h[?25l[A[1Gpulling manifest [K
pulling 78b329e716e7:  63% ▕███████████       ▏  11 GB/ 18 GB  101 MB/s    1m7s[K[?25h[?2026l[?2026h[?25l[A[1Gpulling manifest [K
pulling 78b329e716e7:  63% ▕███████████       ▏  11 GB/ 18 GB  101 MB/s    1m7s[K[?25h[?2026l[?2026h[?25l[A[1Gpulling manifest [K
pulling 78b329e716e7:  63% ▕███████████       ▏  11 GB/ 18 GB  101 MB/s    1m7s[K[?25h[?2026l[?2026h[?25l[A[1Gpulling manifest [K
pulling 78b329e716e7:  63% ▕███████████       ▏  11 GB/ 18 GB  101 MB/s    1m7s[K[?25h[?2026l[?2026h[?25l[A[1Gpulling manifest [K
pulling 78b329e716e7:  63% ▕███████████       ▏  11 GB/ 18 GB  101 MB/s    1m7s[K[?25h[?2026l[?2026h[?25l[A[1Gpulling manifest [K
pulling 78b329e716e7:  63% ▕███████████       ▏  11 GB/ 18 GB  101 MB/s    1m7s[K[?25h[?2026l[?2026h[?25l[A[1Gpulling manifest [K
pulling 78b329e716e7:  64% ▕███████████       ▏  11 GB/ 18 GB  101 MB/s    1m7s[K[?25h[?2026l[?2026h[?25l[A[1Gpulling manifest [K
pulling 78b329e716e7:  64% ▕███████████       ▏  11 GB/ 18 GB  101 MB/s    1m6s[K[?25h[?2026l[?2026h[?25l[A[1Gpulling manifest [K
pulling 78b329e716e7:  64% ▕███████████       ▏  11 GB/ 18 GB  101 MB/s    1m6s[K[?25h[?2026l[?2026h[?25l[A[1Gpulling manifest [K
pulling 78b329e716e7:  64% ▕███████████       ▏  11 GB/ 18 GB  101 MB/s    1m6s[K[?25h[?2026l[?2026h[?25l[A[1Gpulling manifest [K
pulling 78b329e716e7:  64% ▕███████████       ▏  11 GB/ 18 GB  101 MB/s    1m6s[K[?25h[?2026l[?2026h[?25l[A[1Gpulling manifest [K
pulling 78b329e716e7:  64% ▕███████████       ▏  11 GB/ 18 GB  101 MB/s    1m6s[K[?25h[?2026l[?2026h[?25l[A[1Gpulling manifest [K
pulling 78b329e716e7:  64% ▕███████████       ▏  11 GB/ 18 GB  102 MB/s    1m5s[K[?25h[?2026l[?2026h[?25l[A[1Gpulling manifest [K
pulling 78b329e716e7:  64% ▕███████████       ▏  11 GB/ 18 GB  102 MB/s    1m5s[K[?25h[?2026l[?2026h[?25l[A[1Gpulling manifest [K
pulling 78b329e716e7:  64% ▕███████████       ▏  11 GB/ 18 GB  102 MB/s    1m5s[K[?25h[?2026l[?2026h[?25l[A[1Gpulling manifest [K
pulling 78b329e716e7:  64% ▕███████████       ▏  11 GB/ 18 GB  102 MB/s    1m4s[K[?25h[?2026l[?2026h[?25l[A[1Gpulling manifest [K
pulling 78b329e716e7:  64% ▕███████████       ▏  11 GB/ 18 GB  102 MB/s    1m4s[K[?25h[?2026l[?2026h[?25l[A[1Gpulling manifest [K
pulling 78b329e716e7:  64% ▕███████████       ▏  11 GB/ 18 GB  102 MB/s    1m4s[K[?25h[?2026l[?2026h[?25l[A[1Gpulling manifest [K
pulling 78b329e716e7:  64% ▕███████████       ▏  11 GB/ 18 GB  102 MB/s    1m4s[K[?25h[?2026l[?2026h[?25l[A[1Gpulling manifest [K
pulling 78b329e716e7:  64% ▕███████████       ▏  11 GB/ 18 GB  102 MB/s    1m4s[K[?25h[?2026l[?2026h[?25l[A[1Gpulling manifest [K
pulling 78b329e716e7:  64% ▕███████████       ▏  11 GB/ 18 GB  102 MB/s    1m4s[K[?25h[?2026l[?2026h[?25l[A[1Gpulling manifest [K
pulling 78b329e716e7:  64% ▕███████████       ▏  11 GB/ 18 GB  102 MB/s    1m4s[K[?25h[?2026l[?2026h[?25l[A[1Gpulling manifest [K
pulling 78b329e716e7:  64% ▕███████████       ▏  11 GB/ 18 GB  101 MB/s    1m5s[K[?25h[?2026l[?2026h[?25l[A[1Gpulling manifest [K
pulling 78b329e716e7:  64% ▕███████████       ▏  11 GB/ 18 GB  101 MB/s    1m5s[K[?25h[?2026l[?2026h[?25l[A[1Gpulling manifest [K
pulling 78b329e716e7:  64% ▕███████████       ▏  11 GB/ 18 GB  101 MB/s    1m5s[K[?25h[?2026l[?2026h[?25l[A[1Gpulling manifest [K
pulling 78b329e716e7:  64% ▕███████████       ▏  11 GB/ 18 GB  101 MB/s    1m5s[K[?25h[?2026l[?2026h[?25l[A[1Gpulling manifest [K
pulling 78b329e716e7:  64% ▕███████████       ▏  11 GB/ 18 GB  101 MB/s    1m5s[K[?25h[?2026l[?2026h[?25l[A[1Gpulling manifest [K
pulling 78b329e716e7:  65% ▕███████████       ▏  11 GB/ 18 GB  101 MB/s    1m5s[K[?25h[?2026l[?2026h[?25l[A[1Gpulling manifest [K
pulling 78b329e716e7:  65% ▕███████████       ▏  11 GB/ 18 GB  101 MB/s    1m4s[K[?25h[?2026l[?2026h[?25l[A[1Gpulling manifest [K
pulling 78b329e716e7:  65% ▕███████████       ▏  12 GB/ 18 GB  101 MB/s    1m4s[K[?25h[?2026l[?2026h[?25l[A[1Gpulling manifest [K
pulling 78b329e716e7:  65% ▕███████████       ▏  12 GB/ 18 GB  101 MB/s    1m4s[K[?25h[?2026l[?2026h[?25l[A[1Gpulling manifest [K
pulling 78b329e716e7:  65% ▕███████████       ▏  12 GB/ 18 GB  101 MB/s    1m4s[K[?25h[?2026l[?2026h[?25l[A[1Gpulling manifest [K
pulling 78b329e716e7:  65% ▕███████████       ▏  12 GB/ 18 GB  100 MB/s    1m4s[K[?25h[?2026l[?2026h[?25l[A[1Gpulling manifest [K
pulling 78b329e716e7:  65% ▕███████████       ▏  12 GB/ 18 GB  100 MB/s    1m4s[K[?25h[?2026l[?2026h[?25l[A[1Gpulling manifest [K
pulling 78b329e716e7:  65% ▕███████████       ▏  12 GB/ 18 GB  100 MB/s    1m4s[K[?25h[?2026l[?2026h[?25l[A[1Gpulling manifest [K
pulling 78b329e716e7:  65% ▕███████████       ▏  12 GB/ 18 GB  100 MB/s    1m4s[K[?25h[?2026l[?2026h[?25l[A[1Gpulling manifest [K
pulling 78b329e716e7:  65% ▕███████████       ▏  12 GB/ 18 GB  100 MB/s    1m4s[K[?25h[?2026l[?2026h[?25l[A[1Gpulling manifest [K
pulling 78b329e716e7:  65% ▕███████████       ▏  12 GB/ 18 GB  100 MB/s    1m4s[K[?25h[?2026l[?2026h[?25l[A[1Gpulling manifest [K
pulling 78b329e716e7:  65% ▕███████████       ▏  12 GB/ 18 GB  100 MB/s    1m4s[K[?25h[?2026l[?2026h[?25l[A[1Gpulling manifest [K
pulling 78b329e716e7:  65% ▕███████████       ▏  12 GB/ 18 GB  100 MB/s    1m4s[K[?25h[?2026l[?2026h[?25l[A[1Gpulling manifest [K
pulling 78b329e716e7:  65% ▕███████████       ▏  12 GB/ 18 GB  100 MB/s    1m4s[K[?25h[?2026l[?2026h[?25l[A[1Gpulling manifest [K
pulling 78b329e716e7:  65% ▕███████████       ▏  12 GB/ 18 GB  100 MB/s    1m3s[K[?25h[?2026l[?2026h[?25l[A[1Gpulling manifest [K
pulling 78b329e716e7:  65% ▕███████████       ▏  12 GB/ 18 GB  101 MB/s    1m3s[K[?25h[?2026l[?2026h[?25l[A[1Gpulling manifest [K
pulling 78b329e716e7:  66% ▕███████████       ▏  12 GB/ 18 GB  101 MB/s    1m3s[K[?25h[?2026l[?2026h[?25l[A[1Gpulling manifest [K
pulling 78b329e716e7:  66% ▕███████████       ▏  12 GB/ 18 GB  101 MB/s    1m3s[K[?25h[?2026l[?2026h[?25l[A[1Gpulling manifest [K
pulling 78b329e716e7:  66% ▕███████████       ▏  12 GB/ 18 GB  101 MB/s    1m2s[K[?25h[?2026l[?2026h[?25l[A[1Gpulling manifest [K
pulling 78b329e716e7:  66% ▕███████████       ▏  12 GB/ 18 GB  101 MB/s    1m2s[K[?25h[?2026l[?2026h[?25l[A[1Gpulling manifest [K
pulling 78b329e716e7:  66% ▕███████████       ▏  12 GB/ 18 GB  101 MB/s    1m2s[K[?25h[?2026l[?2026h[?25l[A[1Gpulling manifest [K
pulling 78b329e716e7:  66% ▕███████████       ▏  12 GB/ 18 GB  101 MB/s    1m2s[K[?25h[?2026l[?2026h[?25l[A[1Gpulling manifest [K
pulling 78b329e716e7:  66% ▕███████████       ▏  12 GB/ 18 GB  101 MB/s    1m2s[K[?25h[?2026l[?2026h[?25l[A[1Gpulling manifest [K
pulling 78b329e716e7:  66% ▕███████████       ▏  12 GB/ 18 GB  101 MB/s    1m2s[K[?25h[?2026l[?2026h[?25l[A[1Gpulling manifest [K
pulling 78b329e716e7:  66% ▕███████████       ▏  12 GB/ 18 GB  101 MB/s    1m2s[K[?25h[?2026l[?2026h[?25l[A[1Gpulling manifest [K
pulling 78b329e716e7:  66% ▕███████████       ▏  12 GB/ 18 GB  100 MB/s    1m2s[K[?25h[?2026l[?2026h[?25l[A[1Gpulling manifest [K
pulling 78b329e716e7:  66% ▕███████████       ▏  12 GB/ 18 GB  100 MB/s    1m2s[K[?25h[?2026l[?2026h[?25l[A[1Gpulling manifest [K
pulling 78b329e716e7:  66% ▕███████████       ▏  12 GB/ 18 GB  100 MB/s    1m2s[K[?25h[?2026l[?2026h[?25l[A[1Gpulling manifest [K
pulling 78b329e716e7:  66% ▕███████████       ▏  12 GB/ 18 GB  100 MB/s    1m2s[K[?25h[?2026l[?2026h[?25l[A[1Gpulling manifest [K
pulling 78b329e716e7:  66% ▕███████████       ▏  12 GB/ 18 GB  100 MB/s    1m2s[K[?25h[?2026l[?2026h[?25l[A[1Gpulling manifest [K
pulling 78b329e716e7:  66% ▕███████████       ▏  12 GB/ 18 GB  100 MB/s    1m2s[K[?25h[?2026l[?2026h[?25l[A[1Gpulling manifest [K
pulling 78b329e716e7:  66% ▕███████████       ▏  12 GB/ 18 GB  100 MB/s    1m1s[K[?25h[?2026l[?2026h[?25l[A[1Gpulling manifest [K
pulling 78b329e716e7:  66% ▕███████████       ▏  12 GB/ 18 GB  100 MB/s    1m1s[K[?25h[?2026l[?2026h[?25l[A[1Gpulling manifest [K
pulling 78b329e716e7:  67% ▕███████████       ▏  12 GB/ 18 GB  100 MB/s    1m1s[K[?25h[?2026l[?2026h[?25l[A[1Gpulling manifest [K
pulling 78b329e716e7:  67% ▕███████████       ▏  12 GB/ 18 GB  100 MB/s    1m1s[K[?25h[?2026l[?2026h[?25l[A[1Gpulling manifest [K
pulling 78b329e716e7:  67% ▕███████████       ▏  12 GB/ 18 GB  100 MB/s    1m1s[K[?25h[?2026l[?2026h[?25l[A[1Gpulling manifest [K
pulling 78b329e716e7:  67% ▕████████████      ▏  12 GB/ 18 GB  103 MB/s     59s[K[?25h[?2026l[?2026h[?25l[A[1Gpulling manifest [K
pulling 78b329e716e7:  67% ▕████████████      ▏  12 GB/ 18 GB  103 MB/s     59s[K[?25h[?2026l[?2026h[?25l[A[1Gpulling manifest [K
pulling 78b329e716e7:  67% ▕████████████      ▏  12 GB/ 18 GB  103 MB/s     59s[K[?25h[?2026l[?2026h[?25l[A[1Gpulling manifest [K
pulling 78b329e716e7:  67% ▕████████████      ▏  12 GB/ 18 GB  103 MB/s     59s[K[?25h[?2026l[?2026h[?25l[A[1Gpulling manifest [K
pulling 78b329e716e7:  67% ▕████████████      ▏  12 GB/ 18 GB  103 MB/s     59s[K[?25h[?2026l[?2026h[?25l[A[1Gpulling manifest [K
pulling 78b329e716e7:  67% ▕████████████      ▏  12 GB/ 18 GB  103 MB/s     59s[K[?25h[?2026l[?2026h[?25l[A[1Gpulling manifest [K
pulling 78b329e716e7:  67% ▕████████████      ▏  12 GB/ 18 GB  103 MB/s     59s[K[?25h[?2026l[?2026h[?25l[A[1Gpulling manifest [K
pulling 78b329e716e7:  67% ▕████████████      ▏  12 GB/ 18 GB  103 MB/s     59s[K[?25h[?2026l[?2026h[?25l[A[1Gpulling manifest [K
pulling 78b329e716e7:  67% ▕████████████      ▏  12 GB/ 18 GB  103 MB/s     59s[K[?25h[?2026l[?2026h[?25l[A[1Gpulling manifest [K
pulling 78b329e716e7:  67% ▕████████████      ▏  12 GB/ 18 GB  103 MB/s     59s[K[?25h[?2026l[?2026h[?25l[A[1Gpulling manifest [K
pulling 78b329e716e7:  67% ▕████████████      ▏  12 GB/ 18 GB  102 MB/s     59s[K[?25h[?2026l[?2026h[?25l[A[1Gpulling manifest [K
pulling 78b329e716e7:  67% ▕████████████      ▏  12 GB/ 18 GB  102 MB/s     58s[K[?25h[?2026l[?2026h[?25l[A[1Gpulling manifest [K
pulling 78b329e716e7:  67% ▕████████████      ▏  12 GB/ 18 GB  102 MB/s     58s[K[?25h[?2026l[?2026h[?25l[A[1Gpulling manifest [K
pulling 78b329e716e7:  67% ▕████████████      ▏  12 GB/ 18 GB  102 MB/s     58s[K[?25h[?2026l[?2026h[?25l[A[1Gpulling manifest [K
pulling 78b329e716e7:  67% ▕████████████      ▏  12 GB/ 18 GB  102 MB/s     58s[K[?25h[?2026l[?2026h[?25l[A[1Gpulling manifest [K
pulling 78b329e716e7:  67% ▕████████████      ▏  12 GB/ 18 GB  102 MB/s     58s[K[?25h[?2026l[?2026h[?25l[A[1Gpulling manifest [K
pulling 78b329e716e7:  68% ▕████████████      ▏  12 GB/ 18 GB  102 MB/s     58s[K[?25h[?2026l[?2026h[?25l[A[1Gpulling manifest [K
pulling 78b329e716e7:  68% ▕████████████      ▏  12 GB/ 18 GB  102 MB/s     58s[K[?25h[?2026l[?2026h[?25l[A[1Gpulling manifest [K
pulling 78b329e716e7:  68% ▕████████████      ▏  12 GB/ 18 GB  102 MB/s     58s[K[?25h[?2026l[?2026h[?25l[A[1Gpulling manifest [K
pulling 78b329e716e7:  68% ▕████████████      ▏  12 GB/ 18 GB  102 MB/s     58s[K[?25h[?2026l[?2026h[?25l[A[1Gpulling manifest [K
pulling 78b329e716e7:  68% ▕████████████      ▏  12 GB/ 18 GB  104 MB/s     57s[K[?25h[?2026l[?2026h[?25l[A[1Gpulling manifest [K
pulling 78b329e716e7:  68% ▕████████████      ▏  12 GB/ 18 GB  104 MB/s     57s[K[?25h[?2026l[?2026h[?25l[A[1Gpulling manifest [K
pulling 78b329e716e7:  68% ▕████████████      ▏  12 GB/ 18 GB  104 MB/s     56s[K[?25h[?2026l[?2026h[?25l[A[1Gpulling manifest [K
pulling 78b329e716e7:  68% ▕████████████      ▏  12 GB/ 18 GB  104 MB/s     56s[K[?25h[?2026l[?2026h[?25l[A[1Gpulling manifest [K
pulling 78b329e716e7:  68% ▕████████████      ▏  12 GB/ 18 GB  104 MB/s     56s[K[?25h[?2026l[?2026h[?25l[A[1Gpulling manifest [K
pulling 78b329e716e7:  68% ▕████████████      ▏  12 GB/ 18 GB  104 MB/s     56s[K[?25h[?2026l[?2026h[?25l[A[1Gpulling manifest [K
pulling 78b329e716e7:  68% ▕████████████      ▏  12 GB/ 18 GB  104 MB/s     56s[K[?25h[?2026l[?2026h[?25l[A[1Gpulling manifest [K
pulling 78b329e716e7:  68% ▕████████████      ▏  12 GB/ 18 GB  104 MB/s     56s[K[?25h[?2026l[?2026h[?25l[A[1Gpulling manifest [K
pulling 78b329e716e7:  68% ▕████████████      ▏  12 GB/ 18 GB  104 MB/s     56s[K[?25h[?2026l[?2026h[?25l[A[1Gpulling manifest [K
pulling 78b329e716e7:  68% ▕████████████      ▏  12 GB/ 18 GB  104 MB/s     56s[K[?25h[?2026l[?2026h[?25l[A[1Gpulling manifest [K
pulling 78b329e716e7:  68% ▕████████████      ▏  12 GB/ 18 GB  105 MB/s     56s[K[?25h[?2026l[?2026h[?25l[A[1Gpulling manifest [K
pulling 78b329e716e7:  68% ▕████████████      ▏  12 GB/ 18 GB  105 MB/s     55s[K[?25h[?2026l[?2026h[?25l[A[1Gpulling manifest [K
pulling 78b329e716e7:  68% ▕████████████      ▏  12 GB/ 18 GB  105 MB/s     55s[K[?25h[?2026l[?2026h[?25l[A[1Gpulling manifest [K
pulling 78b329e716e7:  68% ▕████████████      ▏  12 GB/ 18 GB  105 MB/s     55s[K[?25h[?2026l[?2026h[?25l[A[1Gpulling manifest [K
pulling 78b329e716e7:  69% ▕████████████      ▏  12 GB/ 18 GB  105 MB/s     55s[K[?25h[?2026l[?2026h[?25l[A[1Gpulling manifest [K
pulling 78b329e716e7:  69% ▕████████████      ▏  12 GB/ 18 GB  105 MB/s     55s[K[?25h[?2026l[?2026h[?25l[A[1Gpulling manifest [K
pulling 78b329e716e7:  69% ▕████████████      ▏  12 GB/ 18 GB  105 MB/s     55s[K[?25h[?2026l[?2026h[?25l[A[1Gpulling manifest [K
pulling 78b329e716e7:  69% ▕████████████      ▏  12 GB/ 18 GB  105 MB/s     55s[K[?25h[?2026l[?2026h[?25l[A[1Gpulling manifest [K
pulling 78b329e716e7:  69% ▕████████████      ▏  12 GB/ 18 GB  105 MB/s     55s[K[?25h[?2026l[?2026h[?25l[A[1Gpulling manifest [K
pulling 78b329e716e7:  69% ▕████████████      ▏  12 GB/ 18 GB  105 MB/s     55s[K[?25h[?2026l[?2026h[?25l[A[1Gpulling manifest [K
pulling 78b329e716e7:  69% ▕████████████      ▏  12 GB/ 18 GB  104 MB/s     55s[K[?25h[?2026l[?2026h[?25l[A[1Gpulling manifest [K
pulling 78b329e716e7:  69% ▕████████████      ▏  12 GB/ 18 GB  104 MB/s     55s[K[?25h[?2026l[?2026h[?25l[A[1Gpulling manifest [K
pulling 78b329e716e7:  69% ▕████████████      ▏  12 GB/ 18 GB  104 MB/s     54s[K[?25h[?2026l[?2026h[?25l[A[1Gpulling manifest [K
pulling 78b329e716e7:  69% ▕████████████      ▏  12 GB/ 18 GB  104 MB/s     54s[K[?25h[?2026l[?2026h[?25l[A[1Gpulling manifest [K
pulling 78b329e716e7:  69% ▕████████████      ▏  12 GB/ 18 GB  104 MB/s     54s[K[?25h[?2026l[?2026h[?25l[A[1Gpulling manifest [K
pulling 78b329e716e7:  69% ▕████████████      ▏  12 GB/ 18 GB  104 MB/s     54s[K[?25h[?2026l[?2026h[?25l[A[1Gpulling manifest [K
pulling 78b329e716e7:  69% ▕████████████      ▏  12 GB/ 18 GB  104 MB/s     54s[K[?25h[?2026l[?2026h[?25l[A[1Gpulling manifest [K
pulling 78b329e716e7:  69% ▕████████████      ▏  12 GB/ 18 GB  104 MB/s     54s[K[?25h[?2026l[?2026h[?25l[A[1Gpulling manifest [K
pulling 78b329e716e7:  69% ▕████████████      ▏  12 GB/ 18 GB  104 MB/s     54s[K[?25h[?2026l[?2026h[?25l[A[1Gpulling manifest [K
pulling 78b329e716e7:  69% ▕████████████      ▏  12 GB/ 18 GB  104 MB/s     54s[K[?25h[?2026l[?2026h[?25l[A[1Gpulling manifest [K
pulling 78b329e716e7:  69% ▕████████████      ▏  12 GB/ 18 GB  104 MB/s     54s[K[?25h[?2026l[?2026h[?25l[A[1Gpulling manifest [K
pulling 78b329e716e7:  69% ▕████████████      ▏  12 GB/ 18 GB  105 MB/s     53s[K[?25h[?2026l[?2026h[?25l[A[1Gpulling manifest [K
pulling 78b329e716e7:  70% ▕████████████      ▏  12 GB/ 18 GB  105 MB/s     53s[K[?25h[?2026l[?2026h[?25l[A[1Gpulling manifest [K
pulling 78b329e716e7:  70% ▕████████████      ▏  12 GB/ 18 GB  105 MB/s     53s[K[?25h[?2026l[?2026h[?25l[A[1Gpulling manifest [K
pulling 78b329e716e7:  70% ▕████████████      ▏  12 GB/ 18 GB  105 MB/s     53s[K[?25h[?2026l[?2026h[?25l[A[1Gpulling manifest [K
pulling 78b329e716e7:  70% ▕████████████      ▏  12 GB/ 18 GB  105 MB/s     53s[K[?25h[?2026l[?2026h[?25l[A[1Gpulling manifest [K
pulling 78b329e716e7:  70% ▕████████████      ▏  12 GB/ 18 GB  105 MB/s     53s[K[?25h[?2026l[?2026h[?25l[A[1Gpulling manifest [K
pulling 78b329e716e7:  70% ▕████████████      ▏  12 GB/ 18 GB  105 MB/s     52s[K[?25h[?2026l[?2026h[?25l[A[1Gpulling manifest [K
pulling 78b329e716e7:  70% ▕████████████      ▏  12 GB/ 18 GB  105 MB/s     52s[K[?25h[?2026l[?2026h[?25l[A[1Gpulling manifest [K
pulling 78b329e716e7:  70% ▕████████████      ▏  12 GB/ 18 GB  105 MB/s     52s[K[?25h[?2026l[?2026h[?25l[A[1Gpulling manifest [K
pulling 78b329e716e7:  70% ▕████████████      ▏  13 GB/ 18 GB  105 MB/s     52s[K[?25h[?2026l[?2026h[?25l[A[1Gpulling manifest [K
pulling 78b329e716e7:  70% ▕████████████      ▏  13 GB/ 18 GB  108 MB/s     51s[K[?25h[?2026l[?2026h[?25l[A[1Gpulling manifest [K
pulling 78b329e716e7:  70% ▕████████████      ▏  13 GB/ 18 GB  108 MB/s     50s[K[?25h[?2026l[?2026h[?25l[A[1Gpulling manifest [K
pulling 78b329e716e7:  70% ▕████████████      ▏  13 GB/ 18 GB  108 MB/s     50s[K[?25h[?2026l[?2026h[?25l[A[1Gpulling manifest [K
pulling 78b329e716e7:  70% ▕████████████      ▏  13 GB/ 18 GB  108 MB/s     50s[K[?25h[?2026l[?2026h[?25l[A[1Gpulling manifest [K
pulling 78b329e716e7:  70% ▕████████████      ▏  13 GB/ 18 GB  108 MB/s     50s[K[?25h[?2026l[?2026h[?25l[A[1Gpulling manifest [K
pulling 78b329e716e7:  70% ▕████████████      ▏  13 GB/ 18 GB  108 MB/s     50s[K[?25h[?2026l[?2026h[?25l[A[1Gpulling manifest [K
pulling 78b329e716e7:  71% ▕████████████      ▏  13 GB/ 18 GB  108 MB/s     50s[K[?25h[?2026l[?2026h[?25l[A[1Gpulling manifest [K
pulling 78b329e716e7:  71% ▕████████████      ▏  13 GB/ 18 GB  108 MB/s     50s[K[?25h[?2026l[?2026h[?25l[A[1Gpulling manifest [K
pulling 78b329e716e7:  71% ▕████████████      ▏  13 GB/ 18 GB  108 MB/s     50s[K[?25h[?2026l[?2026h[?25l[A[1Gpulling manifest [K
pulling 78b329e716e7:  71% ▕████████████      ▏  13 GB/ 18 GB  108 MB/s     50s[K[?25h[?2026l[?2026h[?25l[A[1Gpulling manifest [K
pulling 78b329e716e7:  71% ▕████████████      ▏  13 GB/ 18 GB  109 MB/s     49s[K[?25h[?2026l[?2026h[?25l[A[1Gpulling manifest [K
pulling 78b329e716e7:  71% ▕████████████      ▏  13 GB/ 18 GB  109 MB/s     49s[K[?25h[?2026l[?2026h[?25l[A[1Gpulling manifest [K
pulling 78b329e716e7:  71% ▕████████████      ▏  13 GB/ 18 GB  109 MB/s     49s[K[?25h[?2026l[?2026h[?25l[A[1Gpulling manifest [K
pulling 78b329e716e7:  71% ▕████████████      ▏  13 GB/ 18 GB  109 MB/s     49s[K[?25h[?2026l[?2026h[?25l[A[1Gpulling manifest [K
pulling 78b329e716e7:  71% ▕████████████      ▏  13 GB/ 18 GB  109 MB/s     49s[K[?25h[?2026l[?2026h[?25l[A[1Gpulling manifest [K
pulling 78b329e716e7:  71% ▕████████████      ▏  13 GB/ 18 GB  109 MB/s     49s[K[?25h[?2026l[?2026h[?25l[A[1Gpulling manifest [K
pulling 78b329e716e7:  71% ▕████████████      ▏  13 GB/ 18 GB  109 MB/s     49s[K[?25h[?2026l[?2026h[?25l[A[1Gpulling manifest [K
pulling 78b329e716e7:  71% ▕████████████      ▏  13 GB/ 18 GB  109 MB/s     49s[K[?25h[?2026l[?2026h[?25l[A[1Gpulling manifest [K
pulling 78b329e716e7:  71% ▕████████████      ▏  13 GB/ 18 GB  109 MB/s     49s[K[?25h[?2026l[?2026h[?25l[A[1Gpulling manifest [K
pulling 78b329e716e7:  71% ▕████████████      ▏  13 GB/ 18 GB  109 MB/s     48s[K[?25h[?2026l[?2026h[?25l[A[1Gpulling manifest [K
pulling 78b329e716e7:  71% ▕████████████      ▏  13 GB/ 18 GB  109 MB/s     48s[K[?25h[?2026l[?2026h[?25l[A[1Gpulling manifest [K
pulling 78b329e716e7:  71% ▕████████████      ▏  13 GB/ 18 GB  109 MB/s     48s[K[?25h[?2026l[?2026h[?25l[A[1Gpulling manifest [K
pulling 78b329e716e7:  71% ▕████████████      ▏  13 GB/ 18 GB  109 MB/s     48s[K[?25h[?2026l[?2026h[?25l[A[1Gpulling manifest [K
pulling 78b329e716e7:  71% ▕████████████      ▏  13 GB/ 18 GB  109 MB/s     48s[K[?25h[?2026l[?2026h[?25l[A[1Gpulling manifest [K
pulling 78b329e716e7:  72% ▕████████████      ▏  13 GB/ 18 GB  109 MB/s     48s[K[?25h[?2026l[?2026h[?25l[A[1Gpulling manifest [K
pulling 78b329e716e7:  72% ▕████████████      ▏  13 GB/ 18 GB  109 MB/s     48s[K[?25h[?2026l[?2026h[?25l[A[1Gpulling manifest [K
pulling 78b329e716e7:  72% ▕████████████      ▏  13 GB/ 18 GB  109 MB/s     48s[K[?25h[?2026l[?2026h[?25l[A[1Gpulling manifest [K
pulling 78b329e716e7:  72% ▕████████████      ▏  13 GB/ 18 GB  109 MB/s     47s[K[?25h[?2026l[?2026h[?25l[A[1Gpulling manifest [K
pulling 78b329e716e7:  72% ▕████████████      ▏  13 GB/ 18 GB  109 MB/s     47s[K[?25h[?2026l[?2026h[?25l[A[1Gpulling manifest [K
pulling 78b329e716e7:  72% ▕████████████      ▏  13 GB/ 18 GB  109 MB/s     47s[K[?25h[?2026l[?2026h[?25l[A[1Gpulling manifest [K
pulling 78b329e716e7:  72% ▕████████████      ▏  13 GB/ 18 GB  109 MB/s     47s[K[?25h[?2026l[?2026h[?25l[A[1Gpulling manifest [K
pulling 78b329e716e7:  72% ▕████████████      ▏  13 GB/ 18 GB  109 MB/s     47s[K[?25h[?2026l[?2026h[?25l[A[1Gpulling manifest [K
pulling 78b329e716e7:  72% ▕████████████      ▏  13 GB/ 18 GB  109 MB/s     47s[K[?25h[?2026l[?2026h[?25l[A[1Gpulling manifest [K
pulling 78b329e716e7:  72% ▕████████████      ▏  13 GB/ 18 GB  109 MB/s     47s[K[?25h[?2026l[?2026h[?25l[A[1Gpulling manifest [K
pulling 78b329e716e7:  72% ▕████████████      ▏  13 GB/ 18 GB  109 MB/s     47s[K[?25h[?2026l[?2026h[?25l[A[1Gpulling manifest [K
pulling 78b329e716e7:  72% ▕█████████████     ▏  13 GB/ 18 GB  109 MB/s     47s[K[?25h[?2026l[?2026h[?25l[A[1Gpulling manifest [K
pulling 78b329e716e7:  72% ▕█████████████     ▏  13 GB/ 18 GB  109 MB/s     46s[K[?25h[?2026l[?2026h[?25l[A[1Gpulling manifest [K
pulling 78b329e716e7:  72% ▕█████████████     ▏  13 GB/ 18 GB  109 MB/s     46s[K[?25h[?2026l[?2026h[?25l[A[1Gpulling manifest [K
pulling 78b329e716e7:  73% ▕█████████████     ▏  13 GB/ 18 GB  109 MB/s     46s[K[?25h[?2026l[?2026h[?25l[A[1Gpulling manifest [K
pulling 78b329e716e7:  73% ▕█████████████     ▏  13 GB/ 18 GB  109 MB/s     46s[K[?25h[?2026l[?2026h[?25l[A[1Gpulling manifest [K
pulling 78b329e716e7:  73% ▕█████████████     ▏  13 GB/ 18 GB  109 MB/s     46s[K[?25h[?2026l[?2026h[?25l[A[1Gpulling manifest [K
pulling 78b329e716e7:  73% ▕█████████████     ▏  13 GB/ 18 GB  112 MB/s     44s[K[?25h[?2026l[?2026h[?25l[A[1Gpulling manifest [K
pulling 78b329e716e7:  73% ▕█████████████     ▏  13 GB/ 18 GB  112 MB/s     44s[K[?25h[?2026l[?2026h[?25l[A[1Gpulling manifest [K
pulling 78b329e716e7:  73% ▕█████████████     ▏  13 GB/ 18 GB  112 MB/s     44s[K[?25h[?2026l[?2026h[?25l[A[1Gpulling manifest [K
pulling 78b329e716e7:  73% ▕█████████████     ▏  13 GB/ 18 GB  112 MB/s     44s[K[?25h[?2026l[?2026h[?25l[A[1Gpulling manifest [K
pulling 78b329e716e7:  73% ▕█████████████     ▏  13 GB/ 18 GB  112 MB/s     44s[K[?25h[?2026l[?2026h[?25l[A[1Gpulling manifest [K
pulling 78b329e716e7:  73% ▕█████████████     ▏  13 GB/ 18 GB  112 MB/s     44s[K[?25h[?2026l[?2026h[?25l[A[1Gpulling manifest [K
pulling 78b329e716e7:  73% ▕█████████████     ▏  13 GB/ 18 GB  112 MB/s     44s[K[?25h[?2026l[?2026h[?25l[A[1Gpulling manifest [K
pulling 78b329e716e7:  73% ▕█████████████     ▏  13 GB/ 18 GB  112 MB/s     44s[K[?25h[?2026l[?2026h[?25l[A[1Gpulling manifest [K
pulling 78b329e716e7:  73% ▕█████████████     ▏  13 GB/ 18 GB  112 MB/s     44s[K[?25h[?2026l[?2026h[?25l[A[1Gpulling manifest [K
pulling 78b329e716e7:  73% ▕█████████████     ▏  13 GB/ 18 GB  112 MB/s     44s[K[?25h[?2026l[?2026h[?25l[A[1Gpulling manifest [K
pulling 78b329e716e7:  73% ▕█████████████     ▏  13 GB/ 18 GB  114 MB/s     43s[K[?25h[?2026l[?2026h[?25l[A[1Gpulling manifest [K
pulling 78b329e716e7:  73% ▕█████████████     ▏  13 GB/ 18 GB  114 MB/s     43s[K[?25h[?2026l[?2026h[?25l[A[1Gpulling manifest [K
pulling 78b329e716e7:  73% ▕█████████████     ▏  13 GB/ 18 GB  114 MB/s     43s[K[?25h[?2026l[?2026h[?25l[A[1Gpulling manifest [K
pulling 78b329e716e7:  73% ▕█████████████     ▏  13 GB/ 18 GB  114 MB/s     43s[K[?25h[?2026l[?2026h[?25l[A[1Gpulling manifest [K
pulling 78b329e716e7:  73% ▕█████████████     ▏  13 GB/ 18 GB  114 MB/s     43s[K[?25h[?2026l[?2026h[?25l[A[1Gpulling manifest [K
pulling 78b329e716e7:  74% ▕█████████████     ▏  13 GB/ 18 GB  114 MB/s     42s[K[?25h[?2026l[?2026h[?25l[A[1Gpulling manifest [K
pulling 78b329e716e7:  74% ▕█████████████     ▏  13 GB/ 18 GB  114 MB/s     42s[K[?25h[?2026l[?2026h[?25l[A[1Gpulling manifest [K
pulling 78b329e716e7:  74% ▕█████████████     ▏  13 GB/ 18 GB  114 MB/s     42s[K[?25h[?2026l[?2026h[?25l[A[1Gpulling manifest [K
pulling 78b329e716e7:  74% ▕█████████████     ▏  13 GB/ 18 GB  114 MB/s     42s[K[?25h[?2026l[?2026h[?25l[A[1Gpulling manifest [K
pulling 78b329e716e7:  74% ▕█████████████     ▏  13 GB/ 18 GB  114 MB/s     42s[K[?25h[?2026l[?2026h[?25l[A[1Gpulling manifest [K
pulling 78b329e716e7:  74% ▕█████████████     ▏  13 GB/ 18 GB  117 MB/s     40s[K[?25h[?2026l[?2026h[?25l[A[1Gpulling manifest [K
pulling 78b329e716e7:  74% ▕█████████████     ▏  13 GB/ 18 GB  117 MB/s     40s[K[?25h[?2026l[?2026h[?25l[A[1Gpulling manifest [K
pulling 78b329e716e7:  74% ▕█████████████     ▏  13 GB/ 18 GB  117 MB/s     40s[K[?25h[?2026l[?2026h[?25l[A[1Gpulling manifest [K
pulling 78b329e716e7:  74% ▕█████████████     ▏  13 GB/ 18 GB  117 MB/s     40s[K[?25h[?2026l[?2026h[?25l[A[1Gpulling manifest [K
pulling 78b329e716e7:  74% ▕█████████████     ▏  13 GB/ 18 GB  117 MB/s     40s[K[?25h[?2026l[?2026h[?25l[A[1Gpulling manifest [K
pulling 78b329e716e7:  74% ▕█████████████     ▏  13 GB/ 18 GB  117 MB/s     40s[K[?25h[?2026l[?2026h[?25l[A[1Gpulling manifest [K
pulling 78b329e716e7:  74% ▕█████████████     ▏  13 GB/ 18 GB  117 MB/s     40s[K[?25h[?2026l[?2026h[?25l[A[1Gpulling manifest [K
pulling 78b329e716e7:  74% ▕█████████████     ▏  13 GB/ 18 GB  117 MB/s     40s[K[?25h[?2026l[?2026h[?25l[A[1Gpulling manifest [K
pulling 78b329e716e7:  74% ▕█████████████     ▏  13 GB/ 18 GB  117 MB/s     40s[K[?25h[?2026l[?2026h[?25l[A[1Gpulling manifest [K
pulling 78b329e716e7:  75% ▕█████████████     ▏  13 GB/ 18 GB  117 MB/s     40s[K[?25h[?2026l[?2026h[?25l[A[1Gpulling manifest [K
pulling 78b329e716e7:  75% ▕█████████████     ▏  13 GB/ 18 GB  117 MB/s     40s[K[?25h[?2026l[?2026h[?25l[A[1Gpulling manifest [K
pulling 78b329e716e7:  75% ▕█████████████     ▏  13 GB/ 18 GB  117 MB/s     39s[K[?25h[?2026l[?2026h[?25l[A[1Gpulling manifest [K
pulling 78b329e716e7:  75% ▕█████████████     ▏  13 GB/ 18 GB  117 MB/s     39s[K[?25h[?2026l[?2026h[?25l[A[1Gpulling manifest [K
pulling 78b329e716e7:  75% ▕█████████████     ▏  13 GB/ 18 GB  117 MB/s     39s[K[?25h[?2026l[?2026h[?25l[A[1Gpulling manifest [K
pulling 78b329e716e7:  75% ▕█████████████     ▏  13 GB/ 18 GB  117 MB/s     39s[K[?25h[?2026l[?2026h[?25l[A[1Gpulling manifest [K
pulling 78b329e716e7:  75% ▕█████████████     ▏  13 GB/ 18 GB  117 MB/s     39s[K[?25h[?2026l[?2026h[?25l[A[1Gpulling manifest [K
pulling 78b329e716e7:  75% ▕█████████████     ▏  13 GB/ 18 GB  117 MB/s     39s[K[?25h[?2026l[?2026h[?25l[A[1Gpulling manifest [K
pulling 78b329e716e7:  75% ▕█████████████     ▏  13 GB/ 18 GB  117 MB/s     39s[K[?25h[?2026l[?2026h[?25l[A[1Gpulling manifest [K
pulling 78b329e716e7:  75% ▕█████████████     ▏  13 GB/ 18 GB  117 MB/s     39s[K[?25h[?2026l[?2026h[?25l[A[1Gpulling manifest [K
pulling 78b329e716e7:  75% ▕█████████████     ▏  13 GB/ 18 GB  117 MB/s     39s[K[?25h[?2026l[?2026h[?25l[A[1Gpulling manifest [K
pulling 78b329e716e7:  75% ▕█████████████     ▏  13 GB/ 18 GB  119 MB/s     38s[K[?25h[?2026l[?2026h[?25l[A[1Gpulling manifest [K
pulling 78b329e716e7:  75% ▕█████████████     ▏  13 GB/ 18 GB  119 MB/s     38s[K[?25h[?2026l[?2026h[?25l[A[1Gpulling manifest [K
pulling 78b329e716e7:  75% ▕█████████████     ▏  13 GB/ 18 GB  119 MB/s     38s[K[?25h[?2026l[?2026h[?25l[A[1Gpulling manifest [K
pulling 78b329e716e7:  75% ▕█████████████     ▏  13 GB/ 18 GB  119 MB/s     38s[K[?25h[?2026l[?2026h[?25l[A[1Gpulling manifest [K
pulling 78b329e716e7:  75% ▕█████████████     ▏  14 GB/ 18 GB  119 MB/s     37s[K[?25h[?2026l[?2026h[?25l[A[1Gpulling manifest [K
pulling 78b329e716e7:  76% ▕█████████████     ▏  14 GB/ 18 GB  119 MB/s     37s[K[?25h[?2026l[?2026h[?25l[A[1Gpulling manifest [K
pulling 78b329e716e7:  76% ▕█████████████     ▏  14 GB/ 18 GB  119 MB/s     37s[K[?25h[?2026l[?2026h[?25l[A[1Gpulling manifest [K
pulling 78b329e716e7:  76% ▕█████████████     ▏  14 GB/ 18 GB  119 MB/s     37s[K[?25h[?2026l[?2026h[?25l[A[1Gpulling manifest [K
pulling 78b329e716e7:  76% ▕█████████████     ▏  14 GB/ 18 GB  119 MB/s     37s[K[?25h[?2026l[?2026h[?25l[A[1Gpulling manifest [K
pulling 78b329e716e7:  76% ▕█████████████     ▏  14 GB/ 18 GB  119 MB/s     37s[K[?25h[?2026l[?2026h[?25l[A[1Gpulling manifest [K
pulling 78b329e716e7:  76% ▕█████████████     ▏  14 GB/ 18 GB  119 MB/s     37s[K[?25h[?2026l[?2026h[?25l[A[1Gpulling manifest [K
pulling 78b329e716e7:  76% ▕█████████████     ▏  14 GB/ 18 GB  118 MB/s     37s[K[?25h[?2026l[?2026h[?25l[A[1Gpulling manifest [K
pulling 78b329e716e7:  76% ▕█████████████     ▏  14 GB/ 18 GB  118 MB/s     37s[K[?25h[?2026l[?2026h[?25l[A[1Gpulling manifest [K
pulling 78b329e716e7:  76% ▕█████████████     ▏  14 GB/ 18 GB  118 MB/s     37s[K[?25h[?2026l[?2026h[?25l[A[1Gpulling manifest [K
pulling 78b329e716e7:  76% ▕█████████████     ▏  14 GB/ 18 GB  118 MB/s     37s[K[?25h[?2026l[?2026h[?25l[A[1Gpulling manifest [K
pulling 78b329e716e7:  76% ▕█████████████     ▏  14 GB/ 18 GB  118 MB/s     37s[K[?25h[?2026l[?2026h[?25l[A[1Gpulling manifest [K
pulling 78b329e716e7:  76% ▕█████████████     ▏  14 GB/ 18 GB  118 MB/s     37s[K[?25h[?2026l[?2026h[?25l[A[1Gpulling manifest [K
pulling 78b329e716e7:  76% ▕█████████████     ▏  14 GB/ 18 GB  118 MB/s     36s[K[?25h[?2026l[?2026h[?25l[A[1Gpulling manifest [K
pulling 78b329e716e7:  76% ▕█████████████     ▏  14 GB/ 18 GB  118 MB/s     36s[K[?25h[?2026l[?2026h[?25l[A[1Gpulling manifest [K
pulling 78b329e716e7:  77% ▕█████████████     ▏  14 GB/ 18 GB  118 MB/s     36s[K[?25h[?2026l[?2026h[?25l[A[1Gpulling manifest [K
pulling 78b329e716e7:  77% ▕█████████████     ▏  14 GB/ 18 GB  118 MB/s     36s[K[?25h[?2026l[?2026h[?25l[A[1Gpulling manifest [K
pulling 78b329e716e7:  77% ▕█████████████     ▏  14 GB/ 18 GB  122 MB/s     35s[K[?25h[?2026l[?2026h[?25l[A[1Gpulling manifest [K
pulling 78b329e716e7:  77% ▕█████████████     ▏  14 GB/ 18 GB  122 MB/s     35s[K[?25h[?2026l[?2026h[?25l[A[1Gpulling manifest [K
pulling 78b329e716e7:  77% ▕█████████████     ▏  14 GB/ 18 GB  122 MB/s     35s[K[?25h[?2026l[?2026h[?25l[A[1Gpulling manifest [K
pulling 78b329e716e7:  77% ▕█████████████     ▏  14 GB/ 18 GB  122 MB/s     35s[K[?25h[?2026l[?2026h[?25l[A[1Gpulling manifest [K
pulling 78b329e716e7:  77% ▕█████████████     ▏  14 GB/ 18 GB  122 MB/s     34s[K[?25h[?2026l[?2026h[?25l[A[1Gpulling manifest [K
pulling 78b329e716e7:  77% ▕█████████████     ▏  14 GB/ 18 GB  122 MB/s     34s[K[?25h[?2026l[?2026h[?25l[A[1Gpulling manifest [K
pulling 78b329e716e7:  77% ▕█████████████     ▏  14 GB/ 18 GB  122 MB/s     34s[K[?25h[?2026l[?2026h[?25l[A[1Gpulling manifest [K
pulling 78b329e716e7:  77% ▕█████████████     ▏  14 GB/ 18 GB  122 MB/s     34s[K[?25h[?2026l[?2026h[?25l[A[1Gpulling manifest [K
pulling 78b329e716e7:  77% ▕█████████████     ▏  14 GB/ 18 GB  122 MB/s     34s[K[?25h[?2026l[?2026h[?25l[A[1Gpulling manifest [K
pulling 78b329e716e7:  77% ▕█████████████     ▏  14 GB/ 18 GB  122 MB/s     34s[K[?25h[?2026l[?2026h[?25l[A[1Gpulling manifest [K
pulling 78b329e716e7:  77% ▕█████████████     ▏  14 GB/ 18 GB  123 MB/s     34s[K[?25h[?2026l[?2026h[?25l[A[1Gpulling manifest [K
pulling 78b329e716e7:  77% ▕█████████████     ▏  14 GB/ 18 GB  123 MB/s     34s[K[?25h[?2026l[?2026h[?25l[A[1Gpulling manifest [K
pulling 78b329e716e7:  77% ▕█████████████     ▏  14 GB/ 18 GB  123 MB/s     34s[K[?25h[?2026l[?2026h[?25l[A[1Gpulling manifest [K
pulling 78b329e716e7:  77% ▕█████████████     ▏  14 GB/ 18 GB  123 MB/s     34s[K[?25h[?2026l[?2026h[?25l[A[1Gpulling manifest [K
pulling 78b329e716e7:  78% ▕█████████████     ▏  14 GB/ 18 GB  123 MB/s     33s[K[?25h[?2026l[?2026h[?25l[A[1Gpulling manifest [K
pulling 78b329e716e7:  78% ▕█████████████     ▏  14 GB/ 18 GB  123 MB/s     33s[K[?25h[?2026l[?2026h[?25l[A[1Gpulling manifest [K
pulling 78b329e716e7:  78% ▕█████████████     ▏  14 GB/ 18 GB  123 MB/s     33s[K[?25h[?2026l[?2026h[?25l[A[1Gpulling manifest [K
pulling 78b329e716e7:  78% ▕█████████████     ▏  14 GB/ 18 GB  123 MB/s     33s[K[?25h[?2026l[?2026h[?25l[A[1Gpulling manifest [K
pulling 78b329e716e7:  78% ▕█████████████     ▏  14 GB/ 18 GB  123 MB/s     33s[K[?25h[?2026l[?2026h[?25l[A[1Gpulling manifest [K
pulling 78b329e716e7:  78% ▕██████████████    ▏  14 GB/ 18 GB  123 MB/s     33s[K[?25h[?2026l[?2026h[?25l[A[1Gpulling manifest [K
pulling 78b329e716e7:  78% ▕██████████████    ▏  14 GB/ 18 GB  122 MB/s     33s[K[?25h[?2026l[?2026h[?25l[A[1Gpulling manifest [K
pulling 78b329e716e7:  78% ▕██████████████    ▏  14 GB/ 18 GB  122 MB/s     33s[K[?25h[?2026l[?2026h[?25l[A[1Gpulling manifest [K
pulling 78b329e716e7:  78% ▕██████████████    ▏  14 GB/ 18 GB  122 MB/s     33s[K[?25h[?2026l[?2026h[?25l[A[1Gpulling manifest [K
pulling 78b329e716e7:  78% ▕██████████████    ▏  14 GB/ 18 GB  122 MB/s     33s[K[?25h[?2026l[?2026h[?25l[A[1Gpulling manifest [K
pulling 78b329e716e7:  78% ▕██████████████    ▏  14 GB/ 18 GB  122 MB/s     32s[K[?25h[?2026l[?2026h[?25l[A[1Gpulling manifest [K
pulling 78b329e716e7:  78% ▕██████████████    ▏  14 GB/ 18 GB  122 MB/s     32s[K[?25h[?2026l[?2026h[?25l[A[1Gpulling manifest [K
pulling 78b329e716e7:  78% ▕██████████████    ▏  14 GB/ 18 GB  122 MB/s     32s[K[?25h[?2026l[?2026h[?25l[A[1Gpulling manifest [K
pulling 78b329e716e7:  78% ▕██████████████    ▏  14 GB/ 18 GB  122 MB/s     32s[K[?25h[?2026l[?2026h[?25l[A[1Gpulling manifest [K
pulling 78b329e716e7:  79% ▕██████████████    ▏  14 GB/ 18 GB  122 MB/s     32s[K[?25h[?2026l[?2026h[?25l[A[1Gpulling manifest [K
pulling 78b329e716e7:  79% ▕██████████████    ▏  14 GB/ 18 GB  122 MB/s     32s[K[?25h[?2026l[?2026h[?25l[A[1Gpulling manifest [K
pulling 78b329e716e7:  79% ▕██████████████    ▏  14 GB/ 18 GB  124 MB/s     31s[K[?25h[?2026l[?2026h[?25l[A[1Gpulling manifest [K
pulling 78b329e716e7:  79% ▕██████████████    ▏  14 GB/ 18 GB  124 MB/s     31s[K[?25h[?2026l[?2026h[?25l[A[1Gpulling manifest [K
pulling 78b329e716e7:  79% ▕██████████████    ▏  14 GB/ 18 GB  124 MB/s     31s[K[?25h[?2026l[?2026h[?25l[A[1Gpulling manifest [K
pulling 78b329e716e7:  79% ▕██████████████    ▏  14 GB/ 18 GB  124 MB/s     31s[K[?25h[?2026l[?2026h[?25l[A[1Gpulling manifest [K
pulling 78b329e716e7:  79% ▕██████████████    ▏  14 GB/ 18 GB  124 MB/s     31s[K[?25h[?2026l[?2026h[?25l[A[1Gpulling manifest [K
pulling 78b329e716e7:  79% ▕██████████████    ▏  14 GB/ 18 GB  124 MB/s     31s[K[?25h[?2026l[?2026h[?25l[A[1Gpulling manifest [K
pulling 78b329e716e7:  79% ▕██████████████    ▏  14 GB/ 18 GB  124 MB/s     31s[K[?25h[?2026l[?2026h[?25l[A[1Gpulling manifest [K
pulling 78b329e716e7:  79% ▕██████████████    ▏  14 GB/ 18 GB  124 MB/s     31s[K[?25h[?2026l[?2026h[?25l[A[1Gpulling manifest [K
pulling 78b329e716e7:  79% ▕██████████████    ▏  14 GB/ 18 GB  124 MB/s     31s[K[?25h[?2026l[?2026h[?25l[A[1Gpulling manifest [K
pulling 78b329e716e7:  79% ▕██████████████    ▏  14 GB/ 18 GB  124 MB/s     30s[K[?25h[?2026l[?2026h[?25l[A[1Gpulling manifest [K
pulling 78b329e716e7:  79% ▕██████████████    ▏  14 GB/ 18 GB  124 MB/s     30s[K[?25h[?2026l[?2026h[?25l[A[1Gpulling manifest [K
pulling 78b329e716e7:  79% ▕██████████████    ▏  14 GB/ 18 GB  124 MB/s     30s[K[?25h[?2026l[?2026h[?25l[A[1Gpulling manifest [K
pulling 78b329e716e7:  79% ▕██████████████    ▏  14 GB/ 18 GB  124 MB/s     30s[K[?25h[?2026l[?2026h[?25l[A[1Gpulling manifest [K
pulling 78b329e716e7:  80% ▕██████████████    ▏  14 GB/ 18 GB  124 MB/s     30s[K[?25h[?2026l[?2026h[?25l[A[1Gpulling manifest [K
pulling 78b329e716e7:  80% ▕██████████████    ▏  14 GB/ 18 GB  124 MB/s     30s[K[?25h[?2026l[?2026h[?25l[A[1Gpulling manifest [K
pulling 78b329e716e7:  80% ▕██████████████    ▏  14 GB/ 18 GB  124 MB/s     30s[K[?25h[?2026l[?2026h[?25l[A[1Gpulling manifest [K
pulling 78b329e716e7:  80% ▕██████████████    ▏  14 GB/ 18 GB  124 MB/s     30s[K[?25h[?2026l[?2026h[?25l[A[1Gpulling manifest [K
pulling 78b329e716e7:  80% ▕██████████████    ▏  14 GB/ 18 GB  124 MB/s     30s[K[?25h[?2026l[?2026h[?25l[A[1Gpulling manifest [K
pulling 78b329e716e7:  80% ▕██████████████    ▏  14 GB/ 18 GB  124 MB/s     30s[K[?25h[?2026l[?2026h[?25l[A[1Gpulling manifest [K
pulling 78b329e716e7:  80% ▕██████████████    ▏  14 GB/ 18 GB  124 MB/s     29s[K[?25h[?2026l[?2026h[?25l[A[1Gpulling manifest [K
pulling 78b329e716e7:  80% ▕██████████████    ▏  14 GB/ 18 GB  124 MB/s     29s[K[?25h[?2026l[?2026h[?25l[A[1Gpulling manifest [K
pulling 78b329e716e7:  80% ▕██████████████    ▏  14 GB/ 18 GB  122 MB/s     30s[K[?25h[?2026l[?2026h[?25l[A[1Gpulling manifest [K
pulling 78b329e716e7:  80% ▕██████████████    ▏  14 GB/ 18 GB  122 MB/s     30s[K[?25h[?2026l[?2026h[?25l[A[1Gpulling manifest [K
pulling 78b329e716e7:  80% ▕██████████████    ▏  14 GB/ 18 GB  122 MB/s     30s[K[?25h[?2026l[?2026h[?25l[A[1Gpulling manifest [K
pulling 78b329e716e7:  80% ▕██████████████    ▏  14 GB/ 18 GB  122 MB/s     30s[K[?25h[?2026l[?2026h[?25l[A[1Gpulling manifest [K
pulling 78b329e716e7:  80% ▕██████████████    ▏  14 GB/ 18 GB  122 MB/s     29s[K[?25h[?2026l[?2026h[?25l[A[1Gpulling manifest [K
pulling 78b329e716e7:  80% ▕██████████████    ▏  14 GB/ 18 GB  122 MB/s     29s[K[?25h[?2026l[?2026h[?25l[A[1Gpulling manifest [K
pulling 78b329e716e7:  80% ▕██████████████    ▏  14 GB/ 18 GB  122 MB/s     29s[K[?25h[?2026l[?2026h[?25l[A[1Gpulling manifest [K
pulling 78b329e716e7:  80% ▕██████████████    ▏  14 GB/ 18 GB  122 MB/s     29s[K[?25h[?2026l[?2026h[?25l[A[1Gpulling manifest [K
pulling 78b329e716e7:  80% ▕██████████████    ▏  14 GB/ 18 GB  122 MB/s     29s[K[?25h[?2026l[?2026h[?25l[A[1Gpulling manifest [K
pulling 78b329e716e7:  81% ▕██████████████    ▏  14 GB/ 18 GB  122 MB/s     29s[K[?25h[?2026l[?2026h[?25l[A[1Gpulling manifest [K
pulling 78b329e716e7:  81% ▕██████████████    ▏  14 GB/ 18 GB  122 MB/s     29s[K[?25h[?2026l[?2026h[?25l[A[1Gpulling manifest [K
pulling 78b329e716e7:  81% ▕██████████████    ▏  14 GB/ 18 GB  122 MB/s     29s[K[?25h[?2026l[?2026h[?25l[A[1Gpulling manifest [K
pulling 78b329e716e7:  81% ▕██████████████    ▏  14 GB/ 18 GB  122 MB/s     29s[K[?25h[?2026l[?2026h[?25l[A[1Gpulling manifest [K
pulling 78b329e716e7:  81% ▕██████████████    ▏  14 GB/ 18 GB  122 MB/s     29s[K[?25h[?2026l[?2026h[?25l[A[1Gpulling manifest [K
pulling 78b329e716e7:  81% ▕██████████████    ▏  15 GB/ 18 GB  122 MB/s     28s[K[?25h[?2026l[?2026h[?25l[A[1Gpulling manifest [K
pulling 78b329e716e7:  81% ▕██████████████    ▏  15 GB/ 18 GB  122 MB/s     28s[K[?25h[?2026l[?2026h[?25l[A[1Gpulling manifest [K
pulling 78b329e716e7:  81% ▕██████████████    ▏  15 GB/ 18 GB  122 MB/s     28s[K[?25h[?2026l[?2026h[?25l[A[1Gpulling manifest [K
pulling 78b329e716e7:  81% ▕██████████████    ▏  15 GB/ 18 GB  122 MB/s     28s[K[?25h[?2026l[?2026h[?25l[A[1Gpulling manifest [K
pulling 78b329e716e7:  81% ▕██████████████    ▏  15 GB/ 18 GB  122 MB/s     28s[K[?25h[?2026l[?2026h[?25l[A[1Gpulling manifest [K
pulling 78b329e716e7:  81% ▕██████████████    ▏  15 GB/ 18 GB  122 MB/s     28s[K[?25h[?2026l[?2026h[?25l[A[1Gpulling manifest [K
pulling 78b329e716e7:  81% ▕██████████████    ▏  15 GB/ 18 GB  124 MB/s     28s[K[?25h[?2026l[?2026h[?25l[A[1Gpulling manifest [K
pulling 78b329e716e7:  81% ▕██████████████    ▏  15 GB/ 18 GB  124 MB/s     27s[K[?25h[?2026l[?2026h[?25l[A[1Gpulling manifest [K
pulling 78b329e716e7:  81% ▕██████████████    ▏  15 GB/ 18 GB  124 MB/s     27s[K[?25h[?2026l[?2026h[?25l[A[1Gpulling manifest [K
pulling 78b329e716e7:  81% ▕██████████████    ▏  15 GB/ 18 GB  124 MB/s     27s[K[?25h[?2026l[?2026h[?25l[A[1Gpulling manifest [K
pulling 78b329e716e7:  81% ▕██████████████    ▏  15 GB/ 18 GB  124 MB/s     27s[K[?25h[?2026l[?2026h[?25l[A[1Gpulling manifest [K
pulling 78b329e716e7:  81% ▕██████████████    ▏  15 GB/ 18 GB  124 MB/s     27s[K[?25h[?2026l[?2026h[?25l[A[1Gpulling manifest [K
pulling 78b329e716e7:  82% ▕██████████████    ▏  15 GB/ 18 GB  124 MB/s     27s[K[?25h[?2026l[?2026h[?25l[A[1Gpulling manifest [K
pulling 78b329e716e7:  82% ▕██████████████    ▏  15 GB/ 18 GB  124 MB/s     27s[K[?25h[?2026l[?2026h[?25l[A[1Gpulling manifest [K
pulling 78b329e716e7:  82% ▕██████████████    ▏  15 GB/ 18 GB  124 MB/s     27s[K[?25h[?2026l[?2026h[?25l[A[1Gpulling manifest [K
pulling 78b329e716e7:  82% ▕██████████████    ▏  15 GB/ 18 GB  124 MB/s     27s[K[?25h[?2026l[?2026h[?25l[A[1Gpulling manifest [K
pulling 78b329e716e7:  82% ▕██████████████    ▏  15 GB/ 18 GB  122 MB/s     27s[K[?25h[?2026l[?2026h[?25l[A[1Gpulling manifest [K
pulling 78b329e716e7:  82% ▕██████████████    ▏  15 GB/ 18 GB  122 MB/s     27s[K[?25h[?2026l[?2026h[?25l[A[1Gpulling manifest [K
pulling 78b329e716e7:  82% ▕██████████████    ▏  15 GB/ 18 GB  122 MB/s     27s[K[?25h[?2026l[?2026h[?25l[A[1Gpulling manifest [K
pulling 78b329e716e7:  82% ▕██████████████    ▏  15 GB/ 18 GB  122 MB/s     27s[K[?25h[?2026l[?2026h[?25l[A[1Gpulling manifest [K
pulling 78b329e716e7:  82% ▕██████████████    ▏  15 GB/ 18 GB  122 MB/s     27s[K[?25h[?2026l[?2026h[?25l[A[1Gpulling manifest [K
pulling 78b329e716e7:  82% ▕██████████████    ▏  15 GB/ 18 GB  122 MB/s     27s[K[?25h[?2026l[?2026h[?25l[A[1Gpulling manifest [K
pulling 78b329e716e7:  82% ▕██████████████    ▏  15 GB/ 18 GB  122 MB/s     27s[K[?25h[?2026l[?2026h[?25l[A[1Gpulling manifest [K
pulling 78b329e716e7:  82% ▕██████████████    ▏  15 GB/ 18 GB  122 MB/s     27s[K[?25h[?2026l[?2026h[?25l[A[1Gpulling manifest [K
pulling 78b329e716e7:  82% ▕██████████████    ▏  15 GB/ 18 GB  122 MB/s     26s[K[?25h[?2026l[?2026h[?25l[A[1Gpulling manifest [K
pulling 78b329e716e7:  82% ▕██████████████    ▏  15 GB/ 18 GB  122 MB/s     26s[K[?25h[?2026l[?2026h[?25l[A[1Gpulling manifest [K
pulling 78b329e716e7:  82% ▕██████████████    ▏  15 GB/ 18 GB  122 MB/s     26s[K[?25h[?2026l[?2026h[?25l[A[1Gpulling manifest [K
pulling 78b329e716e7:  82% ▕██████████████    ▏  15 GB/ 18 GB  118 MB/s     27s[K[?25h[?2026l[?2026h[?25l[A[1Gpulling manifest [K
pulling 78b329e716e7:  83% ▕██████████████    ▏  15 GB/ 18 GB  118 MB/s     27s[K[?25h[?2026l[?2026h[?25l[A[1Gpulling manifest [K
pulling 78b329e716e7:  83% ▕██████████████    ▏  15 GB/ 18 GB  118 MB/s     27s[K[?25h[?2026l[?2026h[?25l[A[1Gpulling manifest [K
pulling 78b329e716e7:  83% ▕██████████████    ▏  15 GB/ 18 GB  118 MB/s     27s[K[?25h[?2026l[?2026h[?25l[A[1Gpulling manifest [K
pulling 78b329e716e7:  83% ▕██████████████    ▏  15 GB/ 18 GB  118 MB/s     27s[K[?25h[?2026l[?2026h[?25l[A[1Gpulling manifest [K
pulling 78b329e716e7:  83% ▕██████████████    ▏  15 GB/ 18 GB  118 MB/s     27s[K[?25h[?2026l[?2026h[?25l[A[1Gpulling manifest [K
pulling 78b329e716e7:  83% ▕██████████████    ▏  15 GB/ 18 GB  118 MB/s     26s[K[?25h[?2026l[?2026h[?25l[A[1Gpulling manifest [K
pulling 78b329e716e7:  83% ▕██████████████    ▏  15 GB/ 18 GB  118 MB/s     26s[K[?25h[?2026l[?2026h[?25l[A[1Gpulling manifest [K
pulling 78b329e716e7:  83% ▕██████████████    ▏  15 GB/ 18 GB  118 MB/s     26s[K[?25h[?2026l[?2026h[?25l[A[1Gpulling manifest [K
pulling 78b329e716e7:  83% ▕██████████████    ▏  15 GB/ 18 GB  118 MB/s     26s[K[?25h[?2026l[?2026h[?25l[A[1Gpulling manifest [K
pulling 78b329e716e7:  83% ▕██████████████    ▏  15 GB/ 18 GB  116 MB/s     27s[K[?25h[?2026l[?2026h[?25l[A[1Gpulling manifest [K
pulling 78b329e716e7:  83% ▕██████████████    ▏  15 GB/ 18 GB  116 MB/s     27s[K[?25h[?2026l[?2026h[?25l[A[1Gpulling manifest [K
pulling 78b329e716e7:  83% ▕██████████████    ▏  15 GB/ 18 GB  116 MB/s     27s[K[?25h[?2026l[?2026h[?25l[A[1Gpulling manifest [K
pulling 78b329e716e7:  83% ▕██████████████    ▏  15 GB/ 18 GB  116 MB/s     27s[K[?25h[?2026l[?2026h[?25l[A[1Gpulling manifest [K
pulling 78b329e716e7:  83% ▕██████████████    ▏  15 GB/ 18 GB  116 MB/s     26s[K[?25h[?2026l[?2026h[?25l[A[1Gpulling manifest [K
pulling 78b329e716e7:  83% ▕██████████████    ▏  15 GB/ 18 GB  116 MB/s     26s[K[?25h[?2026l[?2026h[?25l[A[1Gpulling manifest [K
pulling 78b329e716e7:  83% ▕██████████████    ▏  15 GB/ 18 GB  116 MB/s     26s[K[?25h[?2026l[?2026h[?25l[A[1Gpulling manifest [K
pulling 78b329e716e7:  83% ▕██████████████    ▏  15 GB/ 18 GB  116 MB/s     26s[K[?25h[?2026l[?2026h[?25l[A[1Gpulling manifest [K
pulling 78b329e716e7:  83% ▕██████████████    ▏  15 GB/ 18 GB  116 MB/s     26s[K[?25h[?2026l[?2026h[?25l[A[1Gpulling manifest [K
pulling 78b329e716e7:  83% ▕███████████████   ▏  15 GB/ 18 GB  116 MB/s     26s[K[?25h[?2026l[?2026h[?25l[A[1Gpulling manifest [K
pulling 78b329e716e7:  83% ▕███████████████   ▏  15 GB/ 18 GB  112 MB/s     27s[K[?25h[?2026l[?2026h[?25l[A[1Gpulling manifest [K
pulling 78b329e716e7:  83% ▕███████████████   ▏  15 GB/ 18 GB  112 MB/s     27s[K[?25h[?2026l[?2026h[?25l[A[1Gpulling manifest [K
pulling 78b329e716e7:  83% ▕███████████████   ▏  15 GB/ 18 GB  112 MB/s     27s[K[?25h[?2026l[?2026h[?25l[A[1Gpulling manifest [K
pulling 78b329e716e7:  83% ▕███████████████   ▏  15 GB/ 18 GB  112 MB/s     27s[K[?25h[?2026l[?2026h[?25l[A[1Gpulling manifest [K
pulling 78b329e716e7:  84% ▕███████████████   ▏  15 GB/ 18 GB  112 MB/s     27s[K[?25h[?2026l[?2026h[?25l[A[1Gpulling manifest [K
pulling 78b329e716e7:  84% ▕███████████████   ▏  15 GB/ 18 GB  112 MB/s     27s[K[?25h[?2026l[?2026h[?25l[A[1Gpulling manifest [K
pulling 78b329e716e7:  84% ▕███████████████   ▏  15 GB/ 18 GB  112 MB/s     27s[K[?25h[?2026l[?2026h[?25l[A[1Gpulling manifest [K
pulling 78b329e716e7:  84% ▕███████████████   ▏  15 GB/ 18 GB  112 MB/s     26s[K[?25h[?2026l[?2026h[?25l[A[1Gpulling manifest [K
pulling 78b329e716e7:  84% ▕███████████████   ▏  15 GB/ 18 GB  112 MB/s     26s[K[?25h[?2026l[?2026h[?25l[A[1Gpulling manifest [K
pulling 78b329e716e7:  84% ▕███████████████   ▏  15 GB/ 18 GB  112 MB/s     26s[K[?25h[?2026l[?2026h[?25l[A[1Gpulling manifest [K
pulling 78b329e716e7:  84% ▕███████████████   ▏  15 GB/ 18 GB  105 MB/s     28s[K[?25h[?2026l[?2026h[?25l[A[1Gpulling manifest [K
pulling 78b329e716e7:  84% ▕███████████████   ▏  15 GB/ 18 GB  105 MB/s     28s[K[?25h[?2026l[?2026h[?25l[A[1Gpulling manifest [K
pulling 78b329e716e7:  84% ▕███████████████   ▏  15 GB/ 18 GB  105 MB/s     28s[K[?25h[?2026l[?2026h[?25l[A[1Gpulling manifest [K
pulling 78b329e716e7:  84% ▕███████████████   ▏  15 GB/ 18 GB  105 MB/s     28s[K[?25h[?2026l[?2026h[?25l[A[1Gpulling manifest [K
pulling 78b329e716e7:  84% ▕███████████████   ▏  15 GB/ 18 GB  105 MB/s     28s[K[?25h[?2026l[?2026h[?25l[A[1Gpulling manifest [K
pulling 78b329e716e7:  84% ▕███████████████   ▏  15 GB/ 18 GB  105 MB/s     27s[K[?25h[?2026l[?2026h[?25l[A[1Gpulling manifest [K
pulling 78b329e716e7:  84% ▕███████████████   ▏  15 GB/ 18 GB  105 MB/s     27s[K[?25h[?2026l[?2026h[?25l[A[1Gpulling manifest [K
pulling 78b329e716e7:  84% ▕███████████████   ▏  15 GB/ 18 GB  105 MB/s     27s[K[?25h[?2026l[?2026h[?25l[A[1Gpulling manifest [K
pulling 78b329e716e7:  84% ▕███████████████   ▏  15 GB/ 18 GB  105 MB/s     27s[K[?25h[?2026l[?2026h[?25l[A[1Gpulling manifest [K
pulling 78b329e716e7:  84% ▕███████████████   ▏  15 GB/ 18 GB  105 MB/s     27s[K[?25h[?2026l[?2026h[?25l[A[1Gpulling manifest [K
pulling 78b329e716e7:  85% ▕███████████████   ▏  15 GB/ 18 GB  106 MB/s     26s[K[?25h[?2026l[?2026h[?25l[A[1Gpulling manifest [K
pulling 78b329e716e7:  85% ▕███████████████   ▏  15 GB/ 18 GB  106 MB/s     26s[K[?25h[?2026l[?2026h[?25l[A[1Gpulling manifest [K
pulling 78b329e716e7:  85% ▕███████████████   ▏  15 GB/ 18 GB  106 MB/s     26s[K[?25h[?2026l[?2026h[?25l[A[1Gpulling manifest [K
pulling 78b329e716e7:  85% ▕███████████████   ▏  15 GB/ 18 GB  106 MB/s     26s[K[?25h[?2026l[?2026h[?25l[A[1Gpulling manifest [K
pulling 78b329e716e7:  85% ▕███████████████   ▏  15 GB/ 18 GB  106 MB/s     26s[K[?25h[?2026l[?2026h[?25l[A[1Gpulling manifest [K
pulling 78b329e716e7:  85% ▕███████████████   ▏  15 GB/ 18 GB  106 MB/s     26s[K[?25h[?2026l[?2026h[?25l[A[1Gpulling manifest [K
pulling 78b329e716e7:  85% ▕███████████████   ▏  15 GB/ 18 GB  106 MB/s     26s[K[?25h[?2026l[?2026h[?25l[A[1Gpulling manifest [K
pulling 78b329e716e7:  85% ▕███████████████   ▏  15 GB/ 18 GB  106 MB/s     26s[K[?25h[?2026l[?2026h[?25l[A[1Gpulling manifest [K
pulling 78b329e716e7:  85% ▕███████████████   ▏  15 GB/ 18 GB  106 MB/s     26s[K[?25h[?2026l[?2026h[?25l[A[1Gpulling manifest [K
pulling 78b329e716e7:  85% ▕███████████████   ▏  15 GB/ 18 GB  106 MB/s     25s[K[?25h[?2026l[?2026h[?25l[A[1Gpulling manifest [K
pulling 78b329e716e7:  85% ▕███████████████   ▏  15 GB/ 18 GB  106 MB/s     25s[K[?25h[?2026l[?2026h[?25l[A[1Gpulling manifest [K
pulling 78b329e716e7:  85% ▕███████████████   ▏  15 GB/ 18 GB  107 MB/s     25s[K[?25h[?2026l[?2026h[?25l[A[1Gpulling manifest [K
pulling 78b329e716e7:  85% ▕███████████████   ▏  15 GB/ 18 GB  107 MB/s     25s[K[?25h[?2026l[?2026h[?25l[A[1Gpulling manifest [K
pulling 78b329e716e7:  85% ▕███████████████   ▏  15 GB/ 18 GB  107 MB/s     25s[K[?25h[?2026l[?2026h[?25l[A[1Gpulling manifest [K
pulling 78b329e716e7:  85% ▕███████████████   ▏  15 GB/ 18 GB  107 MB/s     25s[K[?25h[?2026l[?2026h[?25l[A[1Gpulling manifest [K
pulling 78b329e716e7:  85% ▕███████████████   ▏  15 GB/ 18 GB  107 MB/s     25s[K[?25h[?2026l[?2026h[?25l[A[1Gpulling manifest [K
pulling 78b329e716e7:  85% ▕███████████████   ▏  15 GB/ 18 GB  107 MB/s     25s[K[?25h[?2026l[?2026h[?25l[A[1Gpulling manifest [K
pulling 78b329e716e7:  86% ▕███████████████   ▏  15 GB/ 18 GB  107 MB/s     25s[K[?25h[?2026l[?2026h[?25l[A[1Gpulling manifest [K
pulling 78b329e716e7:  86% ▕███████████████   ▏  15 GB/ 18 GB  107 MB/s     24s[K[?25h[?2026l[?2026h[?25l[A[1Gpulling manifest [K
pulling 78b329e716e7:  86% ▕███████████████   ▏  15 GB/ 18 GB  107 MB/s     24s[K[?25h[?2026l[?2026h[?25l[A[1Gpulling manifest [K
pulling 78b329e716e7:  86% ▕███████████████   ▏  15 GB/ 18 GB  107 MB/s     24s[K[?25h[?2026l[?2026h[?25l[A[1Gpulling manifest [K
pulling 78b329e716e7:  86% ▕███████████████   ▏  15 GB/ 18 GB  105 MB/s     25s[K[?25h[?2026l[?2026h[?25l[A[1Gpulling manifest [K
pulling 78b329e716e7:  86% ▕███████████████   ▏  15 GB/ 18 GB  105 MB/s     25s[K[?25h[?2026l[?2026h[?25l[A[1Gpulling manifest [K
pulling 78b329e716e7:  86% ▕███████████████   ▏  15 GB/ 18 GB  105 MB/s     25s[K[?25h[?2026l[?2026h[?25l[A[1Gpulling manifest [K
pulling 78b329e716e7:  86% ▕███████████████   ▏  15 GB/ 18 GB  105 MB/s     24s[K[?25h[?2026l[?2026h[?25l[A[1Gpulling manifest [K
pulling 78b329e716e7:  86% ▕███████████████   ▏  15 GB/ 18 GB  105 MB/s     24s[K[?25h[?2026l[?2026h[?25l[A[1Gpulling manifest [K
pulling 78b329e716e7:  86% ▕███████████████   ▏  15 GB/ 18 GB  105 MB/s     24s[K[?25h[?2026l[?2026h[?25l[A[1Gpulling manifest [K
pulling 78b329e716e7:  86% ▕███████████████   ▏  15 GB/ 18 GB  105 MB/s     24s[K[?25h[?2026l[?2026h[?25l[A[1Gpulling manifest [K
pulling 78b329e716e7:  86% ▕███████████████   ▏  15 GB/ 18 GB  105 MB/s     24s[K[?25h[?2026l[?2026h[?25l[A[1Gpulling manifest [K
pulling 78b329e716e7:  86% ▕███████████████   ▏  15 GB/ 18 GB  105 MB/s     24s[K[?25h[?2026l[?2026h[?25l[A[1Gpulling manifest [K
pulling 78b329e716e7:  86% ▕███████████████   ▏  15 GB/ 18 GB  105 MB/s     24s[K[?25h[?2026l[?2026h[?25l[A[1Gpulling manifest [K
pulling 78b329e716e7:  86% ▕███████████████   ▏  16 GB/ 18 GB  103 MB/s     24s[K[?25h[?2026l[?2026h[?25l[A[1Gpulling manifest [K
pulling 78b329e716e7:  86% ▕███████████████   ▏  16 GB/ 18 GB  103 MB/s     24s[K[?25h[?2026l[?2026h[?25l[A[1Gpulling manifest [K
pulling 78b329e716e7:  86% ▕███████████████   ▏  16 GB/ 18 GB  103 MB/s     24s[K[?25h[?2026l[?2026h[?25l[A[1Gpulling manifest [K
pulling 78b329e716e7:  86% ▕███████████████   ▏  16 GB/ 18 GB  103 MB/s     24s[K[?25h[?2026l[?2026h[?25l[A[1Gpulling manifest [K
pulling 78b329e716e7:  86% ▕███████████████   ▏  16 GB/ 18 GB  103 MB/s     24s[K[?25h[?2026l[?2026h[?25l[A[1Gpulling manifest [K
pulling 78b329e716e7:  87% ▕███████████████   ▏  16 GB/ 18 GB  103 MB/s     24s[K[?25h[?2026l[?2026h[?25l[A[1Gpulling manifest [K
pulling 78b329e716e7:  87% ▕███████████████   ▏  16 GB/ 18 GB  103 MB/s     24s[K[?25h[?2026l[?2026h[?25l[A[1Gpulling manifest [K
pulling 78b329e716e7:  87% ▕███████████████   ▏  16 GB/ 18 GB  103 MB/s     23s[K[?25h[?2026l[?2026h[?25l[A[1Gpulling manifest [K
pulling 78b329e716e7:  87% ▕███████████████   ▏  16 GB/ 18 GB  103 MB/s     23s[K[?25h[?2026l[?2026h[?25l[A[1Gpulling manifest [K
pulling 78b329e716e7:  87% ▕███████████████   ▏  16 GB/ 18 GB  103 MB/s     23s[K[?25h[?2026l[?2026h[?25l[A[1Gpulling manifest [K
pulling 78b329e716e7:  87% ▕███████████████   ▏  16 GB/ 18 GB  103 MB/s     23s[K[?25h[?2026l[?2026h[?25l[A[1Gpulling manifest [K
pulling 78b329e716e7:  87% ▕███████████████   ▏  16 GB/ 18 GB  103 MB/s     23s[K[?25h[?2026l[?2026h[?25l[A[1Gpulling manifest [K
pulling 78b329e716e7:  87% ▕███████████████   ▏  16 GB/ 18 GB  103 MB/s     23s[K[?25h[?2026l[?2026h[?25l[A[1Gpulling manifest [K
pulling 78b329e716e7:  87% ▕███████████████   ▏  16 GB/ 18 GB  103 MB/s     23s[K[?25h[?2026l[?2026h[?25l[A[1Gpulling manifest [K
pulling 78b329e716e7:  87% ▕███████████████   ▏  16 GB/ 18 GB  103 MB/s     23s[K[?25h[?2026l[?2026h[?25l[A[1Gpulling manifest [K
pulling 78b329e716e7:  87% ▕███████████████   ▏  16 GB/ 18 GB  103 MB/s     23s[K[?25h[?2026l[?2026h[?25l[A[1Gpulling manifest [K
pulling 78b329e716e7:  87% ▕███████████████   ▏  16 GB/ 18 GB  103 MB/s     23s[K[?25h[?2026l[?2026h[?25l[A[1Gpulling manifest [K
pulling 78b329e716e7:  87% ▕███████████████   ▏  16 GB/ 18 GB  103 MB/s     22s[K[?25h[?2026l[?2026h[?25l[A[1Gpulling manifest [K
pulling 78b329e716e7:  87% ▕███████████████   ▏  16 GB/ 18 GB  103 MB/s     22s[K[?25h[?2026l[?2026h[?25l[A[1Gpulling manifest [K
pulling 78b329e716e7:  87% ▕███████████████   ▏  16 GB/ 18 GB  103 MB/s     22s[K[?25h[?2026l[?2026h[?25l[A[1Gpulling manifest [K
pulling 78b329e716e7:  87% ▕███████████████   ▏  16 GB/ 18 GB  100 MB/s     23s[K[?25h[?2026l[?2026h[?25l[A[1Gpulling manifest [K
pulling 78b329e716e7:  87% ▕███████████████   ▏  16 GB/ 18 GB  100 MB/s     23s[K[?25h[?2026l[?2026h[?25l[A[1Gpulling manifest [K
pulling 78b329e716e7:  87% ▕███████████████   ▏  16 GB/ 18 GB  100 MB/s     23s[K[?25h[?2026l[?2026h[?25l[A[1Gpulling manifest [K
pulling 78b329e716e7:  87% ▕███████████████   ▏  16 GB/ 18 GB  100 MB/s     23s[K[?25h[?2026l[?2026h[?25l[A[1Gpulling manifest [K
pulling 78b329e716e7:  88% ▕███████████████   ▏  16 GB/ 18 GB  100 MB/s     22s[K[?25h[?2026l[?2026h[?25l[A[1Gpulling manifest [K
pulling 78b329e716e7:  88% ▕███████████████   ▏  16 GB/ 18 GB  100 MB/s     22s[K[?25h[?2026l[?2026h[?25l[A[1Gpulling manifest [K
pulling 78b329e716e7:  88% ▕███████████████   ▏  16 GB/ 18 GB  100 MB/s     22s[K[?25h[?2026l[?2026h[?25l[A[1Gpulling manifest [K
pulling 78b329e716e7:  88% ▕███████████████   ▏  16 GB/ 18 GB  100 MB/s     22s[K[?25h[?2026l[?2026h[?25l[A[1Gpulling manifest [K
pulling 78b329e716e7:  88% ▕███████████████   ▏  16 GB/ 18 GB  100 MB/s     22s[K[?25h[?2026l[?2026h[?25l[A[1Gpulling manifest [K
pulling 78b329e716e7:  88% ▕███████████████   ▏  16 GB/ 18 GB  100 MB/s     22s[K[?25h[?2026l[?2026h[?25l[A[1Gpulling manifest [K
pulling 78b329e716e7:  88% ▕███████████████   ▏  16 GB/ 18 GB  100 MB/s     22s[K[?25h[?2026l[?2026h[?25l[A[1Gpulling manifest [K
pulling 78b329e716e7:  88% ▕███████████████   ▏  16 GB/ 18 GB  103 MB/s     21s[K[?25h[?2026l[?2026h[?25l[A[1Gpulling manifest [K
pulling 78b329e716e7:  88% ▕███████████████   ▏  16 GB/ 18 GB  103 MB/s     21s[K[?25h[?2026l[?2026h[?25l[A[1Gpulling manifest [K
pulling 78b329e716e7:  88% ▕███████████████   ▏  16 GB/ 18 GB  103 MB/s     21s[K[?25h[?2026l[?2026h[?25l[A[1Gpulling manifest [K
pulling 78b329e716e7:  88% ▕███████████████   ▏  16 GB/ 18 GB  103 MB/s     20s[K[?25h[?2026l[?2026h[?25l[A[1Gpulling manifest [K
pulling 78b329e716e7:  88% ▕███████████████   ▏  16 GB/ 18 GB  103 MB/s     20s[K[?25h[?2026l[?2026h[?25l[A[1Gpulling manifest [K
pulling 78b329e716e7:  88% ▕███████████████   ▏  16 GB/ 18 GB  103 MB/s     20s[K[?25h[?2026l[?2026h[?25l[A[1Gpulling manifest [K
pulling 78b329e716e7:  88% ▕███████████████   ▏  16 GB/ 18 GB  103 MB/s     20s[K[?25h[?2026l[?2026h[?25l[A[1Gpulling manifest [K
pulling 78b329e716e7:  89% ▕███████████████   ▏  16 GB/ 18 GB  103 MB/s     20s[K[?25h[?2026l[?2026h[?25l[A[1Gpulling manifest [K
pulling 78b329e716e7:  89% ▕███████████████   ▏  16 GB/ 18 GB  103 MB/s     20s[K[?25h[?2026l[?2026h[?25l[A[1Gpulling manifest [K
pulling 78b329e716e7:  89% ▕███████████████   ▏  16 GB/ 18 GB  103 MB/s     20s[K[?25h[?2026l[?2026h[?25l[A[1Gpulling manifest [K
pulling 78b329e716e7:  89% ▕████████████████  ▏  16 GB/ 18 GB  112 MB/s     18s[K[?25h[?2026l[?2026h[?25l[A[1Gpulling manifest [K
pulling 78b329e716e7:  89% ▕████████████████  ▏  16 GB/ 18 GB  112 MB/s     18s[K[?25h[?2026l[?2026h[?25l[A[1Gpulling manifest [K
pulling 78b329e716e7:  89% ▕████████████████  ▏  16 GB/ 18 GB  112 MB/s     17s[K[?25h[?2026l[?2026h[?25l[A[1Gpulling manifest [K
pulling 78b329e716e7:  89% ▕████████████████  ▏  16 GB/ 18 GB  112 MB/s     17s[K[?25h[?2026l[?2026h[?25l[A[1Gpulling manifest [K
pulling 78b329e716e7:  89% ▕████████████████  ▏  16 GB/ 18 GB  112 MB/s     17s[K[?25h[?2026l[?2026h[?25l[A[1Gpulling manifest [K
pulling 78b329e716e7:  89% ▕████████████████  ▏  16 GB/ 18 GB  112 MB/s     17s[K[?25h[?2026l[?2026h[?25l[A[1Gpulling manifest [K
pulling 78b329e716e7:  90% ▕████████████████  ▏  16 GB/ 18 GB  112 MB/s     17s[K[?25h[?2026l[?2026h[?25l[A[1Gpulling manifest [K
pulling 78b329e716e7:  90% ▕████████████████  ▏  16 GB/ 18 GB  112 MB/s     17s[K[?25h[?2026l[?2026h[?25l[A[1Gpulling manifest [K
pulling 78b329e716e7:  90% ▕████████████████  ▏  16 GB/ 18 GB  112 MB/s     16s[K[?25h[?2026l[?2026h[?25l[A[1Gpulling manifest [K
pulling 78b329e716e7:  90% ▕████████████████  ▏  16 GB/ 18 GB  112 MB/s     16s[K[?25h[?2026l[?2026h[?25l[A[1Gpulling manifest [K
pulling 78b329e716e7:  90% ▕████████████████  ▏  16 GB/ 18 GB  125 MB/s     15s[K[?25h[?2026l[?2026h[?25l[A[1Gpulling manifest [K
pulling 78b329e716e7:  90% ▕████████████████  ▏  16 GB/ 18 GB  125 MB/s     14s[K[?25h[?2026l[?2026h[?25l[A[1Gpulling manifest [K
pulling 78b329e716e7:  90% ▕████████████████  ▏  16 GB/ 18 GB  125 MB/s     14s[K[?25h[?2026l[?2026h[?25l[A[1Gpulling manifest [K
pulling 78b329e716e7:  90% ▕████████████████  ▏  16 GB/ 18 GB  125 MB/s     14s[K[?25h[?2026l[?2026h[?25l[A[1Gpulling manifest [K
pulling 78b329e716e7:  90% ▕████████████████  ▏  16 GB/ 18 GB  125 MB/s     14s[K[?25h[?2026l[?2026h[?25l[A[1Gpulling manifest [K
pulling 78b329e716e7:  90% ▕████████████████  ▏  16 GB/ 18 GB  125 MB/s     14s[K[?25h[?2026l[?2026h[?25l[A[1Gpulling manifest [K
pulling 78b329e716e7:  90% ▕████████████████  ▏  16 GB/ 18 GB  125 MB/s     14s[K[?25h[?2026l[?2026h[?25l[A[1Gpulling manifest [K
pulling 78b329e716e7:  90% ▕████████████████  ▏  16 GB/ 18 GB  125 MB/s     14s[K[?25h[?2026l[?2026h[?25l[A[1Gpulling manifest [K
pulling 78b329e716e7:  91% ▕████████████████  ▏  16 GB/ 18 GB  125 MB/s     14s[K[?25h[?2026l[?2026h[?25l[A[1Gpulling manifest [K
pulling 78b329e716e7:  91% ▕████████████████  ▏  16 GB/ 18 GB  125 MB/s     14s[K[?25h[?2026l[?2026h[?25l[A[1Gpulling manifest [K
pulling 78b329e716e7:  91% ▕████████████████  ▏  16 GB/ 18 GB  125 MB/s     13s[K[?25h[?2026l[?2026h[?25l[A[1Gpulling manifest [K
pulling 78b329e716e7:  91% ▕████████████████  ▏  16 GB/ 18 GB  125 MB/s     13s[K[?25h[?2026l[?2026h[?25l[A[1Gpulling manifest [K
pulling 78b329e716e7:  91% ▕████████████████  ▏  16 GB/ 18 GB  125 MB/s     13s[K[?25h[?2026l[?2026h[?25l[A[1Gpulling manifest [K
pulling 78b329e716e7:  91% ▕████████████████  ▏  16 GB/ 18 GB  125 MB/s     13s[K[?25h[?2026l[?2026h[?25l[A[1Gpulling manifest [K
pulling 78b329e716e7:  91% ▕████████████████  ▏  16 GB/ 18 GB  125 MB/s     13s[K[?25h[?2026l[?2026h[?25l[A[1Gpulling manifest [K
pulling 78b329e716e7:  91% ▕████████████████  ▏  16 GB/ 18 GB  125 MB/s     13s[K[?25h[?2026l[?2026h[?25l[A[1Gpulling manifest [K
pulling 78b329e716e7:  91% ▕████████████████  ▏  16 GB/ 18 GB  125 MB/s     12s[K[?25h[?2026l[?2026h[?25l[A[1Gpulling manifest [K
pulling 78b329e716e7:  91% ▕████████████████  ▏  16 GB/ 18 GB  125 MB/s     12s[K[?25h[?2026l[?2026h[?25l[A[1Gpulling manifest [K
pulling 78b329e716e7:  91% ▕████████████████  ▏  16 GB/ 18 GB  125 MB/s     12s[K[?25h[?2026l[?2026h[?25l[A[1Gpulling manifest [K
pulling 78b329e716e7:  91% ▕████████████████  ▏  16 GB/ 18 GB  125 MB/s     12s[K[?25h[?2026l[?2026h[?25l[A[1Gpulling manifest [K
pulling 78b329e716e7:  92% ▕████████████████  ▏  16 GB/ 18 GB  132 MB/s     11s[K[?25h[?2026l[?2026h[?25l[A[1Gpulling manifest [K
pulling 78b329e716e7:  92% ▕████████████████  ▏  16 GB/ 18 GB  132 MB/s     11s[K[?25h[?2026l[?2026h[?25l[A[1Gpulling manifest [K
pulling 78b329e716e7:  92% ▕████████████████  ▏  17 GB/ 18 GB  132 MB/s     11s[K[?25h[?2026l[?2026h[?25l[A[1Gpulling manifest [K
pulling 78b329e716e7:  92% ▕████████████████  ▏  17 GB/ 18 GB  132 MB/s     11s[K[?25h[?2026l[?2026h[?25l[A[1Gpulling manifest [K
pulling 78b329e716e7:  92% ▕████████████████  ▏  17 GB/ 18 GB  132 MB/s     11s[K[?25h[?2026l[?2026h[?25l[A[1Gpulling manifest [K
pulling 78b329e716e7:  92% ▕████████████████  ▏  17 GB/ 18 GB  132 MB/s     11s[K[?25h[?2026l[?2026h[?25l[A[1Gpulling manifest [K
pulling 78b329e716e7:  92% ▕████████████████  ▏  17 GB/ 18 GB  132 MB/s     11s[K[?25h[?2026l[?2026h[?25l[A[1Gpulling manifest [K
pulling 78b329e716e7:  92% ▕████████████████  ▏  17 GB/ 18 GB  132 MB/s     11s[K[?25h[?2026l[?2026h[?25l[A[1Gpulling manifest [K
pulling 78b329e716e7:  92% ▕████████████████  ▏  17 GB/ 18 GB  132 MB/s     11s[K[?25h[?2026l[?2026h[?25l[A[1Gpulling manifest [K
pulling 78b329e716e7:  92% ▕████████████████  ▏  17 GB/ 18 GB  132 MB/s     11s[K[?25h[?2026l[?2026h[?25l[A[1Gpulling manifest [K
pulling 78b329e716e7:  92% ▕████████████████  ▏  17 GB/ 18 GB  132 MB/s     11s[K[?25h[?2026l[?2026h[?25l[A[1Gpulling manifest [K
pulling 78b329e716e7:  92% ▕████████████████  ▏  17 GB/ 18 GB  133 MB/s     10s[K[?25h[?2026l[?2026h[?25l[A[1Gpulling manifest [K
pulling 78b329e716e7:  92% ▕████████████████  ▏  17 GB/ 18 GB  133 MB/s     10s[K[?25h[?2026l[?2026h[?25l[A[1Gpulling manifest [K
pulling 78b329e716e7:  93% ▕████████████████  ▏  17 GB/ 18 GB  133 MB/s     10s[K[?25h[?2026l[?2026h[?25l[A[1Gpulling manifest [K
pulling 78b329e716e7:  93% ▕████████████████  ▏  17 GB/ 18 GB  133 MB/s     10s[K[?25h[?2026l[?2026h[?25l[A[1Gpulling manifest [K
pulling 78b329e716e7:  93% ▕████████████████  ▏  17 GB/ 18 GB  133 MB/s     10s[K[?25h[?2026l[?2026h[?25l[A[1Gpulling manifest [K
pulling 78b329e716e7:  93% ▕████████████████  ▏  17 GB/ 18 GB  133 MB/s     10s[K[?25h[?2026l[?2026h[?25l[A[1Gpulling manifest [K
pulling 78b329e716e7:  93% ▕████████████████  ▏  17 GB/ 18 GB  133 MB/s      9s[K[?25h[?2026l[?2026h[?25l[A[1Gpulling manifest [K
pulling 78b329e716e7:  93% ▕████████████████  ▏  17 GB/ 18 GB  133 MB/s      9s[K[?25h[?2026l[?2026h[?25l[A[1Gpulling manifest [K
pulling 78b329e716e7:  93% ▕████████████████  ▏  17 GB/ 18 GB  133 MB/s      9s[K[?25h[?2026l[?2026h[?25l[A[1Gpulling manifest [K
pulling 78b329e716e7:  93% ▕████████████████  ▏  17 GB/ 18 GB  133 MB/s      9s[K[?25h[?2026l[?2026h[?25l[A[1Gpulling manifest [K
pulling 78b329e716e7:  93% ▕████████████████  ▏  17 GB/ 18 GB  138 MB/s      9s[K[?25h[?2026l[?2026h[?25l[A[1Gpulling manifest [K
pulling 78b329e716e7:  93% ▕████████████████  ▏  17 GB/ 18 GB  138 MB/s      9s[K[?25h[?2026l[?2026h[?25l[A[1Gpulling manifest [K
pulling 78b329e716e7:  93% ▕████████████████  ▏  17 GB/ 18 GB  138 MB/s      9s[K[?25h[?2026l[?2026h[?25l[A[1Gpulling manifest [K
pulling 78b329e716e7:  93% ▕████████████████  ▏  17 GB/ 18 GB  138 MB/s      9s[K[?25h[?2026l[?2026h[?25l[A[1Gpulling manifest [K
pulling 78b329e716e7:  93% ▕████████████████  ▏  17 GB/ 18 GB  138 MB/s      9s[K[?25h[?2026l[?2026h[?25l[A[1Gpulling manifest [K
pulling 78b329e716e7:  93% ▕████████████████  ▏  17 GB/ 18 GB  138 MB/s      8s[K[?25h[?2026l[?2026h[?25l[A[1Gpulling manifest [K
pulling 78b329e716e7:  93% ▕████████████████  ▏  17 GB/ 18 GB  138 MB/s      8s[K[?25h[?2026l[?2026h[?25l[A[1Gpulling manifest [K
pulling 78b329e716e7:  93% ▕████████████████  ▏  17 GB/ 18 GB  138 MB/s      8s[K[?25h[?2026l[?2026h[?25l[A[1Gpulling manifest [K
pulling 78b329e716e7:  94% ▕████████████████  ▏  17 GB/ 18 GB  138 MB/s      8s[K[?25h[?2026l[?2026h[?25l[A[1Gpulling manifest [K
pulling 78b329e716e7:  94% ▕████████████████  ▏  17 GB/ 18 GB  138 MB/s      8s[K[?25h[?2026l[?2026h[?25l[A[1Gpulling manifest [K
pulling 78b329e716e7:  94% ▕████████████████  ▏  17 GB/ 18 GB  145 MB/s      7s[K[?25h[?2026l[?2026h[?25l[A[1Gpulling manifest [K
pulling 78b329e716e7:  94% ▕████████████████  ▏  17 GB/ 18 GB  145 MB/s      7s[K[?25h[?2026l[?2026h[?25l[A[1Gpulling manifest [K
pulling 78b329e716e7:  94% ▕████████████████  ▏  17 GB/ 18 GB  145 MB/s      7s[K[?25h[?2026l[?2026h[?25l[A[1Gpulling manifest [K
pulling 78b329e716e7:  94% ▕████████████████  ▏  17 GB/ 18 GB  145 MB/s      7s[K[?25h[?2026l[?2026h[?25l[A[1Gpulling manifest [K
pulling 78b329e716e7:  94% ▕████████████████  ▏  17 GB/ 18 GB  145 MB/s      7s[K[?25h[?2026l[?2026h[?25l[A[1Gpulling manifest [K
pulling 78b329e716e7:  94% ▕████████████████  ▏  17 GB/ 18 GB  145 MB/s      7s[K[?25h[?2026l[?2026h[?25l[A[1Gpulling manifest [K
pulling 78b329e716e7:  95% ▕█████████████████ ▏  17 GB/ 18 GB  145 MB/s      6s[K[?25h[?2026l[?2026h[?25l[A[1Gpulling manifest [K
pulling 78b329e716e7:  95% ▕█████████████████ ▏  17 GB/ 18 GB  145 MB/s      6s[K[?25h[?2026l[?2026h[?25l[A[1Gpulling manifest [K
pulling 78b329e716e7:  95% ▕█████████████████ ▏  17 GB/ 18 GB  145 MB/s      6s[K[?25h[?2026l[?2026h[?25l[A[1Gpulling manifest [K
pulling 78b329e716e7:  95% ▕█████████████████ ▏  17 GB/ 18 GB  145 MB/s      6s[K[?25h[?2026l[?2026h[?25l[A[1Gpulling manifest [K
pulling 78b329e716e7:  95% ▕█████████████████ ▏  17 GB/ 18 GB  157 MB/s      5s[K[?25h[?2026l[?2026h[?25l[A[1Gpulling manifest [K
pulling 78b329e716e7:  95% ▕█████████████████ ▏  17 GB/ 18 GB  157 MB/s      5s[K[?25h[?2026l[?2026h[?25l[A[1Gpulling manifest [K
pulling 78b329e716e7:  95% ▕█████████████████ ▏  17 GB/ 18 GB  157 MB/s      5s[K[?25h[?2026l[?2026h[?25l[A[1Gpulling manifest [K
pulling 78b329e716e7:  95% ▕█████████████████ ▏  17 GB/ 18 GB  157 MB/s      5s[K[?25h[?2026l[?2026h[?25l[A[1Gpulling manifest [K
pulling 78b329e716e7:  95% ▕█████████████████ ▏  17 GB/ 18 GB  157 MB/s      5s[K[?25h[?2026l[?2026h[?25l[A[1Gpulling manifest [K
pulling 78b329e716e7:  95% ▕█████████████████ ▏  17 GB/ 18 GB  157 MB/s      5s[K[?25h[?2026l[?2026h[?25l[A[1Gpulling manifest [K
pulling 78b329e716e7:  96% ▕█████████████████ ▏  17 GB/ 18 GB  157 MB/s      5s[K[?25h[?2026l[?2026h[?25l[A[1Gpulling manifest [K
pulling 78b329e716e7:  96% ▕█████████████████ ▏  17 GB/ 18 GB  157 MB/s      5s[K[?25h[?2026l[?2026h[?25l[A[1Gpulling manifest [K
pulling 78b329e716e7:  96% ▕█████████████████ ▏  17 GB/ 18 GB  157 MB/s      5s[K[?25h[?2026l[?2026h[?25l[A[1Gpulling manifest [K
pulling 78b329e716e7:  96% ▕█████████████████ ▏  17 GB/ 18 GB  157 MB/s      4s[K[?25h[?2026l[?2026h[?25l[A[1Gpulling manifest [K
pulling 78b329e716e7:  96% ▕█████████████████ ▏  17 GB/ 18 GB  167 MB/s      4s[K[?25h[?2026l[?2026h[?25l[A[1Gpulling manifest [K
pulling 78b329e716e7:  96% ▕█████████████████ ▏  17 GB/ 18 GB  167 MB/s      4s[K[?25h[?2026l[?2026h[?25l[A[1Gpulling manifest [K
pulling 78b329e716e7:  96% ▕█████████████████ ▏  17 GB/ 18 GB  167 MB/s      4s[K[?25h[?2026l[?2026h[?25l[A[1Gpulling manifest [K
pulling 78b329e716e7:  96% ▕█████████████████ ▏  17 GB/ 18 GB  167 MB/s      4s[K[?25h[?2026l[?2026h[?25l[A[1Gpulling manifest [K
pulling 78b329e716e7:  96% ▕█████████████████ ▏  17 GB/ 18 GB  167 MB/s      4s[K[?25h[?2026l[?2026h[?25l[A[1Gpulling manifest [K
pulling 78b329e716e7:  96% ▕█████████████████ ▏  17 GB/ 18 GB  167 MB/s      4s[K[?25h[?2026l[?2026h[?25l[A[1Gpulling manifest [K
pulling 78b329e716e7:  96% ▕█████████████████ ▏  17 GB/ 18 GB  167 MB/s      3s[K[?25h[?2026l[?2026h[?25l[A[1Gpulling manifest [K
pulling 78b329e716e7:  96% ▕█████████████████ ▏  17 GB/ 18 GB  167 MB/s      3s[K[?25h[?2026l[?2026h[?25l[A[1Gpulling manifest [K
pulling 78b329e716e7:  97% ▕█████████████████ ▏  17 GB/ 18 GB  167 MB/s      3s[K[?25h[?2026l[?2026h[?25l[A[1Gpulling manifest [K
pulling 78b329e716e7:  97% ▕█████████████████ ▏  17 GB/ 18 GB  167 MB/s      3s[K[?25h[?2026l[?2026h[?25l[A[1Gpulling manifest [K
pulling 78b329e716e7:  97% ▕█████████████████ ▏  17 GB/ 18 GB  167 MB/s      3s[K[?25h[?2026l[?2026h[?25l[A[1Gpulling manifest [K
pulling 78b329e716e7:  97% ▕█████████████████ ▏  17 GB/ 18 GB  160 MB/s      3s[K[?25h[?2026l[?2026h[?25l[A[1Gpulling manifest [K
pulling 78b329e716e7:  97% ▕█████████████████ ▏  17 GB/ 18 GB  160 MB/s      3s[K[?25h[?2026l[?2026h[?25l[A[1Gpulling manifest [K
pulling 78b329e716e7:  97% ▕█████████████████ ▏  17 GB/ 18 GB  160 MB/s      3s[K[?25h[?2026l[?2026h[?25l[A[1Gpulling manifest [K
pulling 78b329e716e7:  97% ▕█████████████████ ▏  17 GB/ 18 GB  160 MB/s      3s[K[?25h[?2026l[?2026h[?25l[A[1Gpulling manifest [K
pulling 78b329e716e7:  97% ▕█████████████████ ▏  18 GB/ 18 GB  160 MB/s      3s[K[?25h[?2026l[?2026h[?25l[A[1Gpulling manifest [K
pulling 78b329e716e7:  97% ▕█████████████████ ▏  18 GB/ 18 GB  160 MB/s      3s[K[?25h[?2026l[?2026h[?25l[A[1Gpulling manifest [K
pulling 78b329e716e7:  97% ▕█████████████████ ▏  18 GB/ 18 GB  160 MB/s      3s[K[?25h[?2026l[?2026h[?25l[A[1Gpulling manifest [K
pulling 78b329e716e7:  97% ▕█████████████████ ▏  18 GB/ 18 GB  160 MB/s      3s[K[?25h[?2026l[?2026h[?25l[A[1Gpulling manifest [K
pulling 78b329e716e7:  97% ▕█████████████████ ▏  18 GB/ 18 GB  160 MB/s      3s[K[?25h[?2026l[?2026h[?25l[A[1Gpulling manifest [K
pulling 78b329e716e7:  97% ▕█████████████████ ▏  18 GB/ 18 GB  160 MB/s      3s[K[?25h[?2026l[?2026h[?25l[A[1Gpulling manifest [K
pulling 78b329e716e7:  97% ▕█████████████████ ▏  18 GB/ 18 GB  154 MB/s      3s[K[?25h[?2026l[?2026h[?25l[A[1Gpulling manifest [K
pulling 78b329e716e7:  97% ▕█████████████████ ▏  18 GB/ 18 GB  154 MB/s      3s[K[?25h[?2026l[?2026h[?25l[A[1Gpulling manifest [K
pulling 78b329e716e7:  98% ▕█████████████████ ▏  18 GB/ 18 GB  154 MB/s      2s[K[?25h[?2026l[?2026h[?25l[A[1Gpulling manifest [K
pulling 78b329e716e7:  98% ▕█████████████████ ▏  18 GB/ 18 GB  154 MB/s      2s[K[?25h[?2026l[?2026h[?25l[A[1Gpulling manifest [K
pulling 78b329e716e7:  98% ▕█████████████████ ▏  18 GB/ 18 GB  154 MB/s      2s[K[?25h[?2026l[?2026h[?25l[A[1Gpulling manifest [K
pulling 78b329e716e7:  98% ▕█████████████████ ▏  18 GB/ 18 GB  154 MB/s      2s[K[?25h[?2026l[?2026h[?25l[A[1Gpulling manifest [K
pulling 78b329e716e7:  98% ▕█████████████████ ▏  18 GB/ 18 GB  154 MB/s      2s[K[?25h[?2026l[?2026h[?25l[A[1Gpulling manifest [K
pulling 78b329e716e7:  98% ▕█████████████████ ▏  18 GB/ 18 GB  154 MB/s      2s[K[?25h[?2026l[?2026h[?25l[A[1Gpulling manifest [K
pulling 78b329e716e7:  98% ▕█████████████████ ▏  18 GB/ 18 GB  154 MB/s      2s[K[?25h[?2026l[?2026h[?25l[A[1Gpulling manifest [K
pulling 78b329e716e7:  98% ▕█████████████████ ▏  18 GB/ 18 GB  154 MB/s      2s[K[?25h[?2026l[?2026h[?25l[A[1Gpulling manifest [K
pulling 78b329e716e7:  98% ▕█████████████████ ▏  18 GB/ 18 GB  150 MB/s      2s[K[?25h[?2026l[?2026h[?25l[A[1Gpulling manifest [K
pulling 78b329e716e7:  98% ▕█████████████████ ▏  18 GB/ 18 GB  150 MB/s      2s[K[?25h[?2026l[?2026h[?25l[A[1Gpulling manifest [K
pulling 78b329e716e7:  98% ▕█████████████████ ▏  18 GB/ 18 GB  150 MB/s      2s[K[?25h[?2026l[?2026h[?25l[A[1Gpulling manifest [K
pulling 78b329e716e7:  98% ▕█████████████████ ▏  18 GB/ 18 GB  150 MB/s      2s[K[?25h[?2026l[?2026h[?25l[A[1Gpulling manifest [K
pulling 78b329e716e7:  98% ▕█████████████████ ▏  18 GB/ 18 GB  150 MB/s      2s[K[?25h[?2026l[?2026h[?25l[A[1Gpulling manifest [K
pulling 78b329e716e7:  98% ▕█████████████████ ▏  18 GB/ 18 GB  150 MB/s      2s[K[?25h[?2026l[?2026h[?25l[A[1Gpulling manifest [K
pulling 78b329e716e7:  98% ▕█████████████████ ▏  18 GB/ 18 GB  150 MB/s      1s[K[?25h[?2026l[?2026h[?25l[A[1Gpulling manifest [K
pulling 78b329e716e7:  99% ▕█████████████████ ▏  18 GB/ 18 GB  150 MB/s      1s[K[?25h[?2026l[?2026h[?25l[A[1Gpulling manifest [K
pulling 78b329e716e7:  99% ▕█████████████████ ▏  18 GB/ 18 GB  150 MB/s      1s[K[?25h[?2026l[?2026h[?25l[A[1Gpulling manifest [K
pulling 78b329e716e7:  99% ▕█████████████████ ▏  18 GB/ 18 GB  150 MB/s      1s[K[?25h[?2026l[?2026h[?25l[A[1Gpulling manifest [K
pulling 78b329e716e7:  99% ▕█████████████████ ▏  18 GB/ 18 GB  150 MB/s      1s[K[?25h[?2026l[?2026h[?25l[A[1Gpulling manifest [K
pulling 78b329e716e7:  99% ▕█████████████████ ▏  18 GB/ 18 GB  150 MB/s      1s[K[?25h[?2026l[?2026h[?25l[A[1Gpulling manifest [K
pulling 78b329e716e7:  99% ▕█████████████████ ▏  18 GB/ 18 GB  150 MB/s      1s[K[?25h[?2026l[?2026h[?25l[A[1Gpulling manifest [K
pulling 78b329e716e7:  99% ▕█████████████████ ▏  18 GB/ 18 GB  150 MB/s      1s[K[?25h[?2026l[?2026h[?25l[A[1Gpulling manifest [K
pulling 78b329e716e7:  99% ▕█████████████████ ▏  18 GB/ 18 GB  150 MB/s      1s[K[?25h[?2026l[?2026h[?25l[A[1Gpulling manifest [K
pulling 78b329e716e7:  99% ▕█████████████████ ▏  18 GB/ 18 GB  150 MB/s      1s[K[?25h[?2026l[?2026h[?25l[A[1Gpulling manifest [K
pulling 78b329e716e7:  99% ▕█████████████████ ▏  18 GB/ 18 GB  150 MB/s      1s[K[?25h[?2026l[?2026h[?25l[A[1Gpulling manifest [K
pulling 78b329e716e7:  99% ▕█████████████████ ▏  18 GB/ 18 GB  150 MB/s      1s[K[?25h[?2026l[?2026h[?25l[A[1Gpulling manifest [K
pulling 78b329e716e7:  99% ▕█████████████████ ▏  18 GB/ 18 GB  150 MB/s      1s[K[?25h[?2026l[?2026h[?25l[A[1Gpulling manifest [K
pulling 78b329e716e7:  99% ▕█████████████████ ▏  18 GB/ 18 GB  150 MB/s      1s[K[?25h[?2026l[?2026h[?25l[A[1Gpulling manifest [K
pulling 78b329e716e7:  99% ▕█████████████████ ▏  18 GB/ 18 GB  142 MB/s      1s[K[?25h[?2026l[?2026h[?25l[A[1Gpulling manifest [K
pulling 78b329e716e7:  99% ▕█████████████████ ▏  18 GB/ 18 GB  142 MB/s      1s[K[?25h[?2026l[?2026h[?25l[A[1Gpulling manifest [K
pulling 78b329e716e7:  99% ▕█████████████████ ▏  18 GB/ 18 GB  142 MB/s      1s[K[?25h[?2026l[?2026h[?25l[A[1Gpulling manifest [K
pulling 78b329e716e7:  99% ▕█████████████████ ▏  18 GB/ 18 GB  142 MB/s      1s[K[?25h[?2026l[?2026h[?25l[A[1Gpulling manifest [K
pulling 78b329e716e7:  99% ▕█████████████████ ▏  18 GB/ 18 GB  142 MB/s      1s[K[?25h[?2026l[?2026h[?25l[A[1Gpulling manifest [K
pulling 78b329e716e7:  99% ▕█████████████████ ▏  18 GB/ 18 GB  142 MB/s      1s[K[?25h[?2026l[?2026h[?25l[A[1Gpulling manifest [K
pulling 78b329e716e7:  99% ▕█████████████████ ▏  18 GB/ 18 GB  142 MB/s      1s[K[?25h[?2026l[?2026h[?25l[A[1Gpulling manifest [K
pulling 78b329e716e7:  99% ▕█████████████████ ▏  18 GB/ 18 GB  142 MB/s      1s[K[?25h[?2026l[?2026h[?25l[A[1Gpulling manifest [K
pulling 78b329e716e7:  99% ▕█████████████████ ▏  18 GB/ 18 GB  142 MB/s      1s[K[?25h[?2026l[?2026h[?25l[A[1Gpulling manifest [K
pulling 78b329e716e7:  99% ▕█████████████████ ▏  18 GB/ 18 GB  142 MB/s      1s[K[?25h[?2026l[?2026h[?25l[A[1Gpulling manifest [K
pulling 78b329e716e7:  99% ▕█████████████████ ▏  18 GB/ 18 GB  142 MB/s      1s[K[?25h[?2026l[?2026h[?25l[A[1Gpulling manifest [K
pulling 78b329e716e7:  99% ▕█████████████████ ▏  18 GB/ 18 GB  126 MB/s      1s[K[?25h[?2026l[?2026h[?25l[A[1Gpulling manifest [K
pulling 78b329e716e7:  99% ▕█████████████████ ▏  18 GB/ 18 GB  126 MB/s      1s[K[?25h[?2026l[?2026h[?25l[A[1Gpulling manifest [K
pulling 78b329e716e7:  99% ▕█████████████████ ▏  18 GB/ 18 GB  126 MB/s      1s[K[?25h[?2026l[?2026h[?25l[A[1Gpulling manifest [K
pulling 78b329e716e7:  99% ▕█████████████████ ▏  18 GB/ 18 GB  126 MB/s      1s[K[?25h[?2026l[?2026h[?25l[A[1Gpulling manifest [K
pulling 78b329e716e7:  99% ▕█████████████████ ▏  18 GB/ 18 GB  126 MB/s      1s[K[?25h[?2026l[?2026h[?25l[A[1Gpulling manifest [K
pulling 78b329e716e7:  99% ▕█████████████████ ▏  18 GB/ 18 GB  126 MB/s      1s[K[?25h[?2026l[?2026h[?25l[A[1Gpulling manifest [K
pulling 78b329e716e7:  99% ▕█████████████████ ▏  18 GB/ 18 GB  126 MB/s      1s[K[?25h[?2026l[?2026h[?25l[A[1Gpulling manifest [K
pulling 78b329e716e7:  99% ▕█████████████████ ▏  18 GB/ 18 GB  126 MB/s      1s[K[?25h[?2026l[?2026h[?25l[A[1Gpulling manifest [K
pulling 78b329e716e7:  99% ▕█████████████████ ▏  18 GB/ 18 GB  126 MB/s      1s[K[?25h[?2026l[?2026h[?25l[A[1Gpulling manifest [K
pulling 78b329e716e7:  99% ▕█████████████████ ▏  18 GB/ 18 GB  126 MB/s      1s[K[?25h[?2026l[?2026h[?25l[A[1Gpulling manifest [K
pulling 78b329e716e7:  99% ▕█████████████████ ▏  18 GB/ 18 GB  109 MB/s      1s[K[?25h[?2026l[?2026h[?25l[A[1Gpulling manifest [K
pulling 78b329e716e7:  99% ▕█████████████████ ▏  18 GB/ 18 GB  109 MB/s      1s[K[?25h[?2026l[?2026h[?25l[A[1Gpulling manifest [K
pulling 78b329e716e7:  99% ▕█████████████████ ▏  18 GB/ 18 GB  109 MB/s      1s[K[?25h[?2026l[?2026h[?25l[A[1Gpulling manifest [K
pulling 78b329e716e7:  99% ▕█████████████████ ▏  18 GB/ 18 GB  109 MB/s      1s[K[?25h[?2026l[?2026h[?25l[A[1Gpulling manifest [K
pulling 78b329e716e7:  99% ▕█████████████████ ▏  18 GB/ 18 GB  109 MB/s      1s[K[?25h[?2026l[?2026h[?25l[A[1Gpulling manifest [K
pulling 78b329e716e7:  99% ▕█████████████████ ▏  18 GB/ 18 GB  109 MB/s      1s[K[?25h[?2026l[?2026h[?25l[A[1Gpulling manifest [K
pulling 78b329e716e7:  99% ▕█████████████████ ▏  18 GB/ 18 GB  109 MB/s      1s[K[?25h[?2026l[?2026h[?25l[A[1Gpulling manifest [K
pulling 78b329e716e7:  99% ▕█████████████████ ▏  18 GB/ 18 GB  109 MB/s      1s[K[?25h[?2026l[?2026h[?25l[A[1Gpulling manifest [K
pulling 78b329e716e7:  99% ▕█████████████████ ▏  18 GB/ 18 GB  109 MB/s      1s[K[?25h[?2026l[?2026h[?25l[A[1Gpulling manifest [K
pulling 78b329e716e7:  99% ▕█████████████████ ▏  18 GB/ 18 GB  109 MB/s      1s[K[?25h[?2026l[?2026h[?25l[A[1Gpulling manifest [K
pulling 78b329e716e7:  99% ▕█████████████████ ▏  18 GB/ 18 GB   89 MB/s      1s[K[?25h[?2026l[?2026h[?25l[A[1Gpulling manifest [K
pulling 78b329e716e7:  99% ▕█████████████████ ▏  18 GB/ 18 GB   89 MB/s      1s[K[?25h[?2026l[?2026h[?25l[A[1Gpulling manifest [K
pulling 78b329e716e7:  99% ▕█████████████████ ▏  18 GB/ 18 GB   89 MB/s      1s[K[?25h[?2026l[?2026h[?25l[A[1Gpulling manifest [K
pulling 78b329e716e7:  99% ▕█████████████████ ▏  18 GB/ 18 GB   89 MB/s      1s[K[?25h[?2026l[?2026h[?25l[A[1Gpulling manifest [K
pulling 78b329e716e7:  99% ▕█████████████████ ▏  18 GB/ 18 GB   89 MB/s      1s[K[?25h[?2026l[?2026h[?25l[A[1Gpulling manifest [K
pulling 78b329e716e7:  99% ▕█████████████████ ▏  18 GB/ 18 GB   89 MB/s      1s[K[?25h[?2026l[?2026h[?25l[A[1Gpulling manifest [K
pulling 78b329e716e7:  99% ▕█████████████████ ▏  18 GB/ 18 GB   89 MB/s      1s[K[?25h[?2026l[?2026h[?25l[A[1Gpulling manifest [K
pulling 78b329e716e7:  99% ▕█████████████████ ▏  18 GB/ 18 GB   89 MB/s      1s[K[?25h[?2026l[?2026h[?25l[A[1Gpulling manifest [K
pulling 78b329e716e7:  99% ▕█████████████████ ▏  18 GB/ 18 GB   89 MB/s      1s[K[?25h[?2026l[?2026h[?25l[A[1Gpulling manifest [K
pulling 78b329e716e7:  99% ▕█████████████████ ▏  18 GB/ 18 GB   89 MB/s      1s[K[?25h[?2026l[?2026h[?25l[A[1Gpulling manifest [K
pulling 78b329e716e7:  99% ▕█████████████████ ▏  18 GB/ 18 GB   67 MB/s      1s[K[?25h[?2026l[?2026h[?25l[A[1Gpulling manifest [K
pulling 78b329e716e7:  99% ▕█████████████████ ▏  18 GB/ 18 GB   67 MB/s      1s[K[?25h[?2026l[?2026h[?25l[A[1Gpulling manifest [K
pulling 78b329e716e7:  99% ▕█████████████████ ▏  18 GB/ 18 GB   67 MB/s      1s[K[?25h[?2026l[?2026h[?25l[A[1Gpulling manifest [K
pulling 78b329e716e7:  99% ▕█████████████████ ▏  18 GB/ 18 GB   67 MB/s      1s[K[?25h[?2026l[?2026h[?25l[A[1Gpulling manifest [K
pulling 78b329e716e7:  99% ▕█████████████████ ▏  18 GB/ 18 GB   67 MB/s      1s[K[?25h[?2026l[?2026h[?25l[A[1Gpulling manifest [K
pulling 78b329e716e7:  99% ▕█████████████████ ▏  18 GB/ 18 GB   67 MB/s      1s[K[?25h[?2026l[?2026h[?25l[A[1Gpulling manifest [K
pulling 78b329e716e7:  99% ▕█████████████████ ▏  18 GB/ 18 GB   67 MB/s      1s[K[?25h[?2026l[?2026h[?25l[A[1Gpulling manifest [K
pulling 78b329e716e7:  99% ▕█████████████████ ▏  18 GB/ 18 GB   67 MB/s      1s[K[?25h[?2026l[?2026h[?25l[A[1Gpulling manifest [K
pulling 78b329e716e7:  99% ▕█████████████████ ▏  18 GB/ 18 GB   67 MB/s      1s[K[?25h[?2026l[?2026h[?25l[A[1Gpulling manifest [K
pulling 78b329e716e7:  99% ▕█████████████████ ▏  18 GB/ 18 GB   67 MB/s      1s[K[?25h[?2026l[?2026h[?25l[A[1Gpulling manifest [K
pulling 78b329e716e7:  99% ▕█████████████████ ▏  18 GB/ 18 GB   58 MB/s      1s[K[?25h[?2026l[?2026h[?25l[A[1Gpulling manifest [K
pulling 78b329e716e7:  99% ▕█████████████████ ▏  18 GB/ 18 GB   58 MB/s      1s[K[?25h[?2026l[?2026h[?25l[A[1Gpulling manifest [K
pulling 78b329e716e7:  99% ▕█████████████████ ▏  18 GB/ 18 GB   58 MB/s      1s[K[?25h[?2026l[?2026h[?25l[A[1Gpulling manifest [K
pulling 78b329e716e7:  99% ▕█████████████████ ▏  18 GB/ 18 GB   58 MB/s      1s[K[?25h[?2026l[?2026h[?25l[A[1Gpulling manifest [K
pulling 78b329e716e7:  99% ▕█████████████████ ▏  18 GB/ 18 GB   58 MB/s      1s[K[?25h[?2026l[?2026h[?25l[A[1Gpulling manifest [K
pulling 78b329e716e7:  99% ▕█████████████████ ▏  18 GB/ 18 GB   58 MB/s      1s[K[?25h[?2026l[?2026h[?25l[A[1Gpulling manifest [K
pulling 78b329e716e7:  99% ▕█████████████████ ▏  18 GB/ 18 GB   58 MB/s      1s[K[?25h[?2026l[?2026h[?25l[A[1Gpulling manifest [K
pulling 78b329e716e7:  99% ▕█████████████████ ▏  18 GB/ 18 GB   58 MB/s      1s[K[?25h[?2026l[?2026h[?25l[A[1Gpulling manifest [K
pulling 78b329e716e7:  99% ▕█████████████████ ▏  18 GB/ 18 GB   58 MB/s      1s[K[?25h[?2026l[?2026h[?25l[A[1Gpulling manifest [K
pulling 78b329e716e7: 100% ▕█████████████████ ▏  18 GB/ 18 GB   58 MB/s      1s[K[?25h[?2026l[?2026h[?25l[A[1Gpulling manifest [K
pulling 78b329e716e7: 100% ▕█████████████████ ▏  18 GB/ 18 GB   58 MB/s      1s[K[?25h[?2026l[?2026h[?25l[A[1Gpulling manifest [K
pulling 78b329e716e7: 100% ▕█████████████████ ▏  18 GB/ 18 GB   43 MB/s      2s[K[?25h[?2026l[?2026h[?25l[A[1Gpulling manifest [K
pulling 78b329e716e7: 100% ▕█████████████████ ▏  18 GB/ 18 GB   43 MB/s      2s[K[?25h[?2026l[?2026h[?25l[A[1Gpulling manifest [K
pulling 78b329e716e7: 100% ▕█████████████████ ▏  18 GB/ 18 GB   43 MB/s      2s[K[?25h[?2026l[?2026h[?25l[A[1Gpulling manifest [K
pulling 78b329e716e7: 100% ▕█████████████████ ▏  18 GB/ 18 GB   43 MB/s      1s[K[?25h[?2026l[?2026h[?25l[A[1Gpulling manifest [K
pulling 78b329e716e7: 100% ▕█████████████████ ▏  18 GB/ 18 GB   43 MB/s      1s[K[?25h[?2026l[?2026h[?25l[A[1Gpulling manifest [K
pulling 78b329e716e7: 100% ▕█████████████████ ▏  18 GB/ 18 GB   43 MB/s      1s[K[?25h[?2026l[?2026h[?25l[A[1Gpulling manifest [K
pulling 78b329e716e7: 100% ▕█████████████████ ▏  18 GB/ 18 GB   43 MB/s      1s[K[?25h[?2026l[?2026h[?25l[A[1Gpulling manifest [K
pulling 78b329e716e7: 100% ▕█████████████████ ▏  18 GB/ 18 GB   43 MB/s      1s[K[?25h[?2026l[?2026h[?25l[A[1Gpulling manifest [K
pulling 78b329e716e7: 100% ▕█████████████████ ▏  18 GB/ 18 GB   43 MB/s      1s[K[?25h[?2026l[?2026h[?25l[A[1Gpulling manifest [K
pulling 78b329e716e7: 100% ▕█████████████████ ▏  18 GB/ 18 GB   43 MB/s      1s[K[?25h[?2026l[?2026h[?25l[A[1Gpulling manifest [K
pulling 78b329e716e7: 100% ▕█████████████████ ▏  18 GB/ 18 GB   34 MB/s      2s[K[?25h[?2026l[?2026h[?25l[A[1Gpulling manifest [K
pulling 78b329e716e7: 100% ▕█████████████████ ▏  18 GB/ 18 GB   34 MB/s      2s[K[?25h[?2026l[?2026h[?25l[A[1Gpulling manifest [K
pulling 78b329e716e7: 100% ▕█████████████████ ▏  18 GB/ 18 GB   34 MB/s      2s[K[?25h[?2026l[?2026h[?25l[A[1Gpulling manifest [K
pulling 78b329e716e7: 100% ▕█████████████████ ▏  18 GB/ 18 GB   34 MB/s      2s[K[?25h[?2026l[?2026h[?25l[A[1Gpulling manifest [K
pulling 78b329e716e7: 100% ▕█████████████████ ▏  18 GB/ 18 GB   34 MB/s      2s[K[?25h[?2026l[?2026h[?25l[A[1Gpulling manifest [K
pulling 78b329e716e7: 100% ▕█████████████████ ▏  18 GB/ 18 GB   34 MB/s      1s[K[?25h[?2026l[?2026h[?25l[A[1Gpulling manifest [K
pulling 78b329e716e7: 100% ▕█████████████████ ▏  18 GB/ 18 GB   34 MB/s      1s[K[?25h[?2026l[?2026h[?25l[A[1Gpulling manifest [K
pulling 78b329e716e7: 100% ▕█████████████████ ▏  18 GB/ 18 GB   34 MB/s      1s[K[?25h[?2026l[?2026h[?25l[A[1Gpulling manifest [K
pulling 78b329e716e7: 100% ▕█████████████████ ▏  18 GB/ 18 GB   34 MB/s      1s[K[?25h[?2026l[?2026h[?25l[A[1Gpulling manifest [K
pulling 78b329e716e7: 100% ▕█████████████████ ▏  18 GB/ 18 GB   34 MB/s      1s[K[?25h[?2026l[?2026h[?25l[A[1Gpulling manifest [K
pulling 78b329e716e7: 100% ▕█████████████████ ▏  18 GB/ 18 GB   15 MB/s      4s[K[?25h[?2026l[?2026h[?25l[A[1Gpulling manifest [K
pulling 78b329e716e7: 100% ▕█████████████████ ▏  18 GB/ 18 GB   15 MB/s      3s[K[?25h[?2026l[?2026h[?25l[A[1Gpulling manifest [K
pulling 78b329e716e7: 100% ▕█████████████████ ▏  18 GB/ 18 GB   15 MB/s      3s[K[?25h[?2026l[?2026h[?25l[A[1Gpulling manifest [K
pulling 78b329e716e7: 100% ▕█████████████████ ▏  18 GB/ 18 GB   15 MB/s      3s[K[?25h[?2026l[?2026h[?25l[A[1Gpulling manifest [K
pulling 78b329e716e7: 100% ▕█████████████████ ▏  18 GB/ 18 GB   15 MB/s      3s[K[?25h[?2026l[?2026h[?25l[A[1Gpulling manifest [K
pulling 78b329e716e7: 100% ▕█████████████████ ▏  18 GB/ 18 GB   15 MB/s      3s[K[?25h[?2026l[?2026h[?25l[A[1Gpulling manifest [K
pulling 78b329e716e7: 100% ▕█████████████████ ▏  18 GB/ 18 GB   15 MB/s      3s[K[?25h[?2026l[?2026h[?25l[A[1Gpulling manifest [K
pulling 78b329e716e7: 100% ▕█████████████████ ▏  18 GB/ 18 GB   15 MB/s      3s[K[?25h[?2026l[?2026h[?25l[A[1Gpulling manifest [K
pulling 78b329e716e7: 100% ▕█████████████████ ▏  18 GB/ 18 GB   15 MB/s      3s[K[?25h[?2026l[?2026h[?25l[A[1Gpulling manifest [K
pulling 78b329e716e7: 100% ▕█████████████████ ▏  18 GB/ 18 GB   15 MB/s      3s[K[?25h[?2026l[?2026h[?25l[A[1Gpulling manifest [K
pulling 78b329e716e7: 100% ▕█████████████████ ▏  18 GB/ 18 GB   14 MB/s      3s[K[?25h[?2026l[?2026h[?25l[A[1Gpulling manifest [K
pulling 78b329e716e7: 100% ▕█████████████████ ▏  18 GB/ 18 GB   14 MB/s      3s[K[?25h[?2026l[?2026h[?25l[A[1Gpulling manifest [K
pulling 78b329e716e7: 100% ▕█████████████████ ▏  18 GB/ 18 GB   14 MB/s      3s[K[?25h[?2026l[?2026h[?25l[A[1Gpulling manifest [K
pulling 78b329e716e7: 100% ▕█████████████████ ▏  18 GB/ 18 GB   14 MB/s      3s[K[?25h[?2026l[?2026h[?25l[A[1Gpulling manifest [K
pulling 78b329e716e7: 100% ▕█████████████████ ▏  18 GB/ 18 GB   14 MB/s      3s[K[?25h[?2026l[?2026h[?25l[A[1Gpulling manifest [K
pulling 78b329e716e7: 100% ▕█████████████████ ▏  18 GB/ 18 GB   14 MB/s      3s[K[?25h[?2026l[?2026h[?25l[A[1Gpulling manifest [K
pulling 78b329e716e7: 100% ▕█████████████████ ▏  18 GB/ 18 GB   14 MB/s      3s[K[?25h[?2026l[?2026h[?25l[A[1Gpulling manifest [K
pulling 78b329e716e7: 100% ▕█████████████████ ▏  18 GB/ 18 GB   14 MB/s      3s[K[?25h[?2026l[?2026h[?25l[A[1Gpulling manifest [K
pulling 78b329e716e7: 100% ▕█████████████████ ▏  18 GB/ 18 GB   14 MB/s      3s[K[?25h[?2026l[?2026h[?25l[A[1Gpulling manifest [K
pulling 78b329e716e7: 100% ▕█████████████████ ▏  18 GB/ 18 GB   14 MB/s      2s[K[?25h[?2026l[?2026h[?25l[A[1Gpulling manifest [K
pulling 78b329e716e7: 100% ▕█████████████████ ▏  18 GB/ 18 GB   13 MB/s      3s[K[?25h[?2026l[?2026h[?25l[A[1Gpulling manifest [K
pulling 78b329e716e7: 100% ▕█████████████████ ▏  18 GB/ 18 GB   13 MB/s      2s[K[?25h[?2026l[?2026h[?25l[A[1Gpulling manifest [K
pulling 78b329e716e7: 100% ▕█████████████████ ▏  18 GB/ 18 GB   13 MB/s      2s[K[?25h[?2026l[?2026h[?25l[A[1Gpulling manifest [K
pulling 78b329e716e7: 100% ▕█████████████████ ▏  18 GB/ 18 GB   13 MB/s      2s[K[?25h[?2026l[?2026h[?25l[A[1Gpulling manifest [K
pulling 78b329e716e7: 100% ▕█████████████████ ▏  18 GB/ 18 GB   13 MB/s      2s[K[?25h[?2026l[?2026h[?25l[A[1Gpulling manifest [K
pulling 78b329e716e7: 100% ▕█████████████████ ▏  18 GB/ 18 GB   13 MB/s      2s[K[?25h[?2026l[?2026h[?25l[A[1Gpulling manifest [K
pulling 78b329e716e7: 100% ▕█████████████████ ▏  18 GB/ 18 GB   13 MB/s      2s[K[?25h[?2026l[?2026h[?25l[A[1Gpulling manifest [K
pulling 78b329e716e7: 100% ▕█████████████████ ▏  18 GB/ 18 GB   13 MB/s      2s[K[?25h[?2026l[?2026h[?25l[A[1Gpulling manifest [K
pulling 78b329e716e7: 100% ▕█████████████████ ▏  18 GB/ 18 GB   13 MB/s      2s[K[?25h[?2026l[?2026h[?25l[A[1Gpulling manifest [K
pulling 78b329e716e7: 100% ▕█████████████████ ▏  18 GB/ 18 GB   13 MB/s      2s[K[?25h[?2026l[?2026h[?25l[A[1Gpulling manifest [K
pulling 78b329e716e7: 100% ▕█████████████████ ▏  18 GB/ 18 GB   13 MB/s      2s[K[?25h[?2026l[?2026h[?25l[A[1Gpulling manifest [K
pulling 78b329e716e7: 100% ▕█████████████████ ▏  18 GB/ 18 GB   13 MB/s      2s[K[?25h[?2026l[?2026h[?25l[A[1Gpulling manifest [K
pulling 78b329e716e7: 100% ▕█████████████████ ▏  18 GB/ 18 GB   13 MB/s      2s[K[?25h[?2026l[?2026h[?25l[A[1Gpulling manifest [K
pulling 78b329e716e7: 100% ▕█████████████████ ▏  18 GB/ 18 GB   13 MB/s      2s[K[?25h[?2026l[?2026h[?25l[A[1Gpulling manifest [K
pulling 78b329e716e7: 100% ▕█████████████████ ▏  18 GB/ 18 GB   13 MB/s      2s[K[?25h[?2026l[?2026h[?25l[A[1Gpulling manifest [K
pulling 78b329e716e7: 100% ▕█████████████████ ▏  18 GB/ 18 GB   13 MB/s      1s[K[?25h[?2026l[?2026h[?25l[A[1Gpulling manifest [K
pulling 78b329e716e7: 100% ▕█████████████████ ▏  18 GB/ 18 GB   13 MB/s      1s[K[?25h[?2026l[?2026h[?25l[A[1Gpulling manifest [K
pulling 78b329e716e7: 100% ▕█████████████████ ▏  18 GB/ 18 GB   13 MB/s      1s[K[?25h[?2026l[?2026h[?25l[A[1Gpulling manifest [K
pulling 78b329e716e7: 100% ▕█████████████████ ▏  18 GB/ 18 GB   13 MB/s      1s[K[?25h[?2026l[?2026h[?25l[A[1Gpulling manifest [K
pulling 78b329e716e7: 100% ▕█████████████████ ▏  18 GB/ 18 GB   13 MB/s      1s[K[?25h[?2026l[?2026h[?25l[A[1Gpulling manifest [K
pulling 78b329e716e7: 100% ▕█████████████████ ▏  18 GB/ 18 GB   13 MB/s      1s[K[?25h[?2026l[?2026h[?25l[A[1Gpulling manifest [K
pulling 78b329e716e7: 100% ▕█████████████████ ▏  18 GB/ 18 GB   12 MB/s      1s[K[?25h[?2026l[?2026h[?25l[A[1Gpulling manifest [K
pulling 78b329e716e7: 100% ▕█████████████████ ▏  18 GB/ 18 GB   12 MB/s      1s[K[?25h[?2026l[?2026h[?25l[A[1Gpulling manifest [K
pulling 78b329e716e7: 100% ▕█████████████████ ▏  18 GB/ 18 GB   12 MB/s      1s[K[?25h[?2026l[?2026h[?25l[A[1Gpulling manifest [K
pulling 78b329e716e7: 100% ▕█████████████████ ▏  18 GB/ 18 GB   12 MB/s      1s[K[?25h[?2026l[?2026h[?25l[A[1Gpulling manifest [K
pulling 78b329e716e7: 100% ▕█████████████████ ▏  18 GB/ 18 GB   12 MB/s      1s[K[?25h[?2026l[?2026h[?25l[A[1Gpulling manifest [K
pulling 78b329e716e7: 100% ▕█████████████████ ▏  18 GB/ 18 GB   12 MB/s      1s[K[?25h[?2026l[?2026h[?25l[A[1Gpulling manifest [K
pulling 78b329e716e7: 100% ▕█████████████████ ▏  18 GB/ 18 GB   12 MB/s      1s[K[?25h[?2026l[?2026h[?25l[A[1Gpulling manifest [K
pulling 78b329e716e7: 100% ▕█████████████████ ▏  18 GB/ 18 GB   12 MB/s      1s[K[?25h[?2026l[?2026h[?25l[A[1Gpulling manifest [K
pulling 78b329e716e7: 100% ▕█████████████████ ▏  18 GB/ 18 GB   12 MB/s      0s[K[?25h[?2026l[?2026h[?25l[A[1Gpulling manifest [K
pulling 78b329e716e7: 100% ▕█████████████████ ▏  18 GB/ 18 GB   12 MB/s      0s[K[?25h[?2026l[?2026h[?25l[A[1Gpulling manifest [K
pulling 78b329e716e7: 100% ▕█████████████████ ▏  18 GB/ 18 GB   12 MB/s      0s[K[?25h[?2026l[?2026h[?25l[A[1Gpulling manifest [K
pulling 78b329e716e7: 100% ▕█████████████████ ▏  18 GB/ 18 GB   12 MB/s      0s[K[?25h[?2026l[?2026h[?25l[A[1Gpulling manifest [K
pulling 78b329e716e7: 100% ▕█████████████████ ▏  18 GB/ 18 GB   12 MB/s      0s[K[?25h[?2026l[?2026h[?25l[A[1Gpulling manifest [K
pulling 78b329e716e7: 100% ▕█████████████████ ▏  18 GB/ 18 GB   12 MB/s      0s[K[?25h[?2026l[?2026h[?25l[A[1Gpulling manifest [K
pulling 78b329e716e7: 100% ▕█████████████████ ▏  18 GB/ 18 GB   12 MB/s      0s[K[?25h[?2026l[?2026h[?25l[A[1Gpulling manifest [K
pulling 78b329e716e7: 100% ▕█████████████████ ▏  18 GB/ 18 GB   12 MB/s      0s[K[?25h[?2026l[?2026h[?25l[A[1Gpulling manifest [K
pulling 78b329e716e7: 100% ▕█████████████████ ▏  18 GB/ 18 GB   12 MB/s      0s[K[?25h[?2026l[?2026h[?25l[A[1Gpulling manifest [K
pulling 78b329e716e7: 100% ▕█████████████████ ▏  18 GB/ 18 GB   12 MB/s      0s[K[?25h[?2026l[?2026h[?25l[A[1Gpulling manifest [K
pulling 78b329e716e7: 100% ▕█████████████████ ▏  18 GB/ 18 GB   12 MB/s      0s[K[?25h[?2026l[?2026h[?25l[A[1Gpulling manifest [K
pulling 78b329e716e7: 100% ▕██████████████████▏  18 GB                         [K[?25h[?2026l[?2026h[?25l[A[1Gpulling manifest [K
pulling 78b329e716e7: 100% ▕██████████████████▏  18 GB                         [K[?25h[?2026l[?2026h[?25l[A[1Gpulling manifest [K
pulling 78b329e716e7: 100% ▕██████████████████▏  18 GB                         [K[?25h[?2026l[?2026h[?25l[A[1Gpulling manifest [K
pulling 78b329e716e7: 100% ▕██████████████████▏  18 GB                         [K[?25h[?2026l[?2026h[?25l[A[1Gpulling manifest [K
pulling 78b329e716e7: 100% ▕██████████████████▏  18 GB                         [K[?25h[?2026l[?2026h[?25l[A[1Gpulling manifest [K
pulling 78b329e716e7: 100% ▕██████████████████▏  18 GB                         [K[?25h[?2026l[?2026h[?25l[A[1Gpulling manifest [K
pulling 78b329e716e7: 100% ▕██████████████████▏  18 GB                         [K[?25h[?2026l[?2026h[?25l[A[1Gpulling manifest [K
pulling 78b329e716e7: 100% ▕██████████████████▏  18 GB                         [K[?25h[?2026l[?2026h[?25l[A[1Gpulling manifest [K
pulling 78b329e716e7: 100% ▕██████████████████▏  18 GB                         [K[?25h[?2026l[?2026h[?25l[A[1Gpulling manifest [K
pulling 78b329e716e7: 100% ▕██████████████████▏  18 GB                         [K[?25h[?2026l[?2026h[?25l[A[1Gpulling manifest [K
pulling 78b329e716e7: 100% ▕██████████████████▏  18 GB                         [K[?25h[?2026l[?2026h[?25l[A[1Gpulling manifest [K
pulling 78b329e716e7: 100% ▕██████████████████▏  18 GB                         [K[?25h[?2026l[?2026h[?25l[A[1Gpulling manifest [K
pulling 78b329e716e7: 100% ▕██████████████████▏  18 GB                         [K[?25h[?2026l[?2026h[?25l[A[1Gpulling manifest [K
pulling 78b329e716e7: 100% ▕██████████████████▏  18 GB                         [K[?25h[?2026l[?2026h[?25l[A[1Gpulling manifest [K
pulling 78b329e716e7: 100% ▕██████████████████▏  18 GB                         [K[?25h[?2026l[?2026h[?25l[A[1Gpulling manifest [K
pulling 78b329e716e7: 100% ▕██████████████████▏  18 GB                         [K[?25h[?2026l[?2026h[?25l[A[1Gpulling manifest [K
pulling 78b329e716e7: 100% ▕██████████████████▏  18 GB                         [K[?25h[?2026l[?2026h[?25l[A[1Gpulling manifest [K
pulling 78b329e716e7: 100% ▕██████████████████▏  18 GB                         [K
pulling eade0a07cac7: 100% ▕██████████████████▏ 1.4 KB                         [K[?25h[?2026l[?2026h[?25l[A[A[1Gpulling manifest [K
pulling 78b329e716e7: 100% ▕██████████████████▏  18 GB                         [K
pulling eade0a07cac7: 100% ▕██████████████████▏ 1.4 KB                         [K[?25h[?2026l[?2026h[?25l[A[A[1Gpulling manifest [K
pulling 78b329e716e7: 100% ▕██████████████████▏  18 GB                         [K
pulling eade0a07cac7: 100% ▕██████████████████▏ 1.4 KB                         [K[?25h[?2026l[?2026h[?25l[A[A[1Gpulling manifest [K
pulling 78b329e716e7: 100% ▕██████████████████▏  18 GB                         [K
pulling eade0a07cac7: 100% ▕██████████████████▏ 1.4 KB                         [K[?25h[?2026l[?2026h[?25l[A[A[1Gpulling manifest [K
pulling 78b329e716e7: 100% ▕██████████████████▏  18 GB                         [K
pulling eade0a07cac7: 100% ▕██████████████████▏ 1.4 KB                         [K[?25h[?2026l[?2026h[?25l[A[A[1Gpulling manifest [K
pulling 78b329e716e7: 100% ▕██████████████████▏  18 GB                         [K
pulling eade0a07cac7: 100% ▕██████████████████▏ 1.4 KB                         [K[?25h[?2026l[?2026h[?25l[A[A[1Gpulling manifest [K
pulling 78b329e716e7: 100% ▕██████████████████▏  18 GB                         [K
pulling eade0a07cac7: 100% ▕██████████████████▏ 1.4 KB                         [K[?25h[?2026l[?2026h[?25l[A[A[1Gpulling manifest [K
pulling 78b329e716e7: 100% ▕██████████████████▏  18 GB                         [K
pulling eade0a07cac7: 100% ▕██████████████████▏ 1.4 KB                         [K
pulling d18a5cc71b84: 100% ▕██████████████████▏  11 KB                         [K[?25h[?2026l[?2026h[?25l[A[A[A[1Gpulling manifest [K
pulling 78b329e716e7: 100% ▕██████████████████▏  18 GB                         [K
pulling eade0a07cac7: 100% ▕██████████████████▏ 1.4 KB                         [K
pulling d18a5cc71b84: 100% ▕██████████████████▏  11 KB                         [K[?25h[?2026l[?2026h[?25l[A[A[A[1Gpulling manifest [K
pulling 78b329e716e7: 100% ▕██████████████████▏  18 GB                         [K
pulling eade0a07cac7: 100% ▕██████████████████▏ 1.4 KB                         [K
pulling d18a5cc71b84: 100% ▕██████████████████▏  11 KB                         [K[?25h[?2026l[?2026h[?25l[A[A[A[1Gpulling manifest [K
pulling 78b329e716e7: 100% ▕██████████████████▏  18 GB                         [K
pulling eade0a07cac7: 100% ▕██████████████████▏ 1.4 KB                         [K
pulling d18a5cc71b84: 100% ▕██████████████████▏  11 KB                         [K[?25h[?2026l[?2026h[?25l[A[A[A[1Gpulling manifest [K
pulling 78b329e716e7: 100% ▕██████████████████▏  18 GB                         [K
pulling eade0a07cac7: 100% ▕██████████████████▏ 1.4 KB                         [K
pulling d18a5cc71b84: 100% ▕██████████████████▏  11 KB                         [K[?25h[?2026l[?2026h[?25l[A[A[A[1Gpulling manifest [K
pulling 78b329e716e7: 100% ▕██████████████████▏  18 GB                         [K
pulling eade0a07cac7: 100% ▕██████████████████▏ 1.4 KB                         [K
pulling d18a5cc71b84: 100% ▕██████████████████▏  11 KB                         [K[?25h[?2026l[?2026h[?25l[A[A[A[1Gpulling manifest [K
pulling 78b329e716e7: 100% ▕██████████████████▏  18 GB                         [K
pulling eade0a07cac7: 100% ▕██████████████████▏ 1.4 KB                         [K
pulling d18a5cc71b84: 100% ▕██████████████████▏  11 KB                         [K
pulling 0914c7781e00: 100% ▕██████████████████▏  119 B                         [K[?25h[?2026l[?2026h[?25l[A[A[A[A[1Gpulling manifest [K
pulling 78b329e716e7: 100% ▕██████████████████▏  18 GB                         [K
pulling eade0a07cac7: 100% ▕██████████████████▏ 1.4 KB                         [K
pulling d18a5cc71b84: 100% ▕██████████████████▏  11 KB                         [K
pulling 0914c7781e00: 100% ▕██████████████████▏  119 B                         [K[?25h[?2026l[?2026h[?25l[A[A[A[A[1Gpulling manifest [K
pulling 78b329e716e7: 100% ▕██████████████████▏  18 GB                         [K
pulling eade0a07cac7: 100% ▕██████████████████▏ 1.4 KB                         [K
pulling d18a5cc71b84: 100% ▕██████████████████▏  11 KB                         [K
pulling 0914c7781e00: 100% ▕██████████████████▏  119 B                         [K[?25h[?2026l[?2026h[?25l[A[A[A[A[1Gpulling manifest [K
pulling 78b329e716e7: 100% ▕██████████████████▏  18 GB                         [K
pulling eade0a07cac7: 100% ▕██████████████████▏ 1.4 KB                         [K
pulling d18a5cc71b84: 100% ▕██████████████████▏  11 KB                         [K
pulling 0914c7781e00: 100% ▕██████████████████▏  119 B                         [K[?25h[?2026l[?2026h[?25l[A[A[A[A[1Gpulling manifest [K
pulling 78b329e716e7: 100% ▕██████████████████▏  18 GB                         [K
pulling eade0a07cac7: 100% ▕██████████████████▏ 1.4 KB                         [K
pulling d18a5cc71b84: 100% ▕██████████████████▏  11 KB                         [K
pulling 0914c7781e00: 100% ▕██████████████████▏  119 B                         [K[?25h[?2026l[?2026h[?25l[A[A[A[A[1Gpulling manifest [K
pulling 78b329e716e7: 100% ▕██████████████████▏  18 GB                         [K
pulling eade0a07cac7: 100% ▕██████████████████▏ 1.4 KB                         [K
pulling d18a5cc71b84: 100% ▕██████████████████▏  11 KB                         [K
pulling 0914c7781e00: 100% ▕██████████████████▏  119 B                         [K[?25h[?2026l[?2026h[?25l[A[A[A[A[1Gpulling manifest [K
pulling 78b329e716e7: 100% ▕██████████████████▏  18 GB                         [K
pulling eade0a07cac7: 100% ▕██████████████████▏ 1.4 KB                         [K
pulling d18a5cc71b84: 100% ▕██████████████████▏  11 KB                         [K
pulling 0914c7781e00: 100% ▕██████████████████▏  119 B                         [K[?25h[?2026l[?2026h[?25l[A[A[A[A[1Gpulling manifest [K
pulling 78b329e716e7: 100% ▕██████████████████▏  18 GB                         [K
pulling eade0a07cac7: 100% ▕██████████████████▏ 1.4 KB                         [K
pulling d18a5cc71b84: 100% ▕██████████████████▏  11 KB                         [K
pulling 0914c7781e00: 100% ▕██████████████████▏  119 B                         [K[?25h[?2026l[?2026h[?25l[A[A[A[A[1Gpulling manifest [K
pulling 78b329e716e7: 100% ▕██████████████████▏  18 GB                         [K
pulling eade0a07cac7: 100% ▕██████████████████▏ 1.4 KB                         [K
pulling d18a5cc71b84: 100% ▕██████████████████▏  11 KB                         [K
pulling 0914c7781e00: 100% ▕██████████████████▏  119 B                         [K[?25h[?2026l[?2026h[?25l[A[A[A[A[1Gpulling manifest [K
pulling 78b329e716e7: 100% ▕██████████████████▏  18 GB                         [K
pulling eade0a07cac7: 100% ▕██████████████████▏ 1.4 KB                         [K
pulling d18a5cc71b84: 100% ▕██████████████████▏  11 KB                         [K
pulling 0914c7781e00: 100% ▕██████████████████▏  119 B                         [K[?25h[?2026l[?2026h[?25l[A[A[A[A[1Gpulling manifest [K
pulling 78b329e716e7: 100% ▕██████████████████▏  18 GB                         [K
pulling eade0a07cac7: 100% ▕██████████████████▏ 1.4 KB                         [K
pulling d18a5cc71b84: 100% ▕██████████████████▏  11 KB                         [K
pulling 0914c7781e00: 100% ▕██████████████████▏  119 B                         [K[?25h[?2026l[?2026h[?25l[A[A[A[A[1Gpulling manifest [K
pulling 78b329e716e7: 100% ▕██████████████████▏  18 GB                         [K
pulling eade0a07cac7: 100% ▕██████████████████▏ 1.4 KB                         [K
pulling d18a5cc71b84: 100% ▕██████████████████▏  11 KB                         [K
pulling 0914c7781e00: 100% ▕██████████████████▏  119 B                         [K[?25h[?2026l[?2026h[?25l[A[A[A[A[1Gpulling manifest [K
pulling 78b329e716e7: 100% ▕██████████████████▏  18 GB                         [K
pulling eade0a07cac7: 100% ▕██████████████████▏ 1.4 KB                         [K
pulling d18a5cc71b84: 100% ▕██████████████████▏  11 KB                         [K
pulling 0914c7781e00: 100% ▕██████████████████▏  119 B                         [K[?25h[?2026l[?2026h[?25l[A[A[A[A[1Gpulling manifest [K
pulling 78b329e716e7: 100% ▕██████████████████▏  18 GB                         [K
pulling eade0a07cac7: 100% ▕██████████████████▏ 1.4 KB                         [K
pulling d18a5cc71b84: 100% ▕██████████████████▏  11 KB                         [K
pulling 0914c7781e00: 100% ▕██████████████████▏  119 B                         [K
pulling 8c26ae310182: 100% ▕██████████████████▏  494 B                         [K[?25h[?2026l[?2026h[?25l[A[A[A[A[A[1Gpulling manifest [K
pulling 78b329e716e7: 100% ▕██████████████████▏  18 GB                         [K
pulling eade0a07cac7: 100% ▕██████████████████▏ 1.4 KB                         [K
pulling d18a5cc71b84: 100% ▕██████████████████▏  11 KB                         [K
pulling 0914c7781e00: 100% ▕██████████████████▏  119 B                         [K
pulling 8c26ae310182: 100% ▕██████████████████▏  494 B                         [K[?25h[?2026l[?2026h[?25l[A[A[A[A[A[1Gpulling manifest [K
pulling 78b329e716e7: 100% ▕██████████████████▏  18 GB                         [K
pulling eade0a07cac7: 100% ▕██████████████████▏ 1.4 KB                         [K
pulling d18a5cc71b84: 100% ▕██████████████████▏  11 KB                         [K
pulling 0914c7781e00: 100% ▕██████████████████▏  119 B                         [K
pulling 8c26ae310182: 100% ▕██████████████████▏  494 B                         [K[?25h[?2026l[?2026h[?25l[A[A[A[A[A[1Gpulling manifest [K
pulling 78b329e716e7: 100% ▕██████████████████▏  18 GB                         [K
pulling eade0a07cac7: 100% ▕██████████████████▏ 1.4 KB                         [K
pulling d18a5cc71b84: 100% ▕██████████████████▏  11 KB                         [K
pulling 0914c7781e00: 100% ▕██████████████████▏  119 B                         [K
pulling 8c26ae310182: 100% ▕██████████████████▏  494 B                         [K[?25h[?2026l[?2026h[?25l[A[A[A[A[A[1Gpulling manifest [K
pulling 78b329e716e7: 100% ▕██████████████████▏  18 GB                         [K
pulling eade0a07cac7: 100% ▕██████████████████▏ 1.4 KB                         [K
pulling d18a5cc71b84: 100% ▕██████████████████▏  11 KB                         [K
pulling 0914c7781e00: 100% ▕██████████████████▏  119 B                         [K
pulling 8c26ae310182: 100% ▕██████████████████▏  494 B                         [K[?25h[?2026l[?2026h[?25l[A[A[A[A[A[1Gpulling manifest [K
pulling 78b329e716e7: 100% ▕██████████████████▏  18 GB                         [K
pulling eade0a07cac7: 100% ▕██████████████████▏ 1.4 KB                         [K
pulling d18a5cc71b84: 100% ▕██████████████████▏  11 KB                         [K
pulling 0914c7781e00: 100% ▕██████████████████▏  119 B                         [K
pulling 8c26ae310182: 100% ▕██████████████████▏  494 B                         [K[?25h[?2026l[?2026h[?25l[A[A[A[A[A[1Gpulling manifest [K
pulling 78b329e716e7: 100% ▕██████████████████▏  18 GB                         [K
pulling eade0a07cac7: 100% ▕██████████████████▏ 1.4 KB                         [K
pulling d18a5cc71b84: 100% ▕██████████████████▏  11 KB                         [K
pulling 0914c7781e00: 100% ▕██████████████████▏  119 B                         [K
pulling 8c26ae310182: 100% ▕██████████████████▏  494 B                         [K[?25h[?2026l[?2026h[?25l[A[A[A[A[A[1Gpulling manifest [K
pulling 78b329e716e7: 100% ▕██████████████████▏  18 GB                         [K
pulling eade0a07cac7: 100% ▕██████████████████▏ 1.4 KB                         [K
pulling d18a5cc71b84: 100% ▕██████████████████▏  11 KB                         [K
pulling 0914c7781e00: 100% ▕██████████████████▏  119 B                         [K
pulling 8c26ae310182: 100% ▕██████████████████▏  494 B                         [K[?25h[?2026l[?2026h[?25l[A[A[A[A[A[1Gpulling manifest [K
pulling 78b329e716e7: 100% ▕██████████████████▏  18 GB                         [K
pulling eade0a07cac7: 100% ▕██████████████████▏ 1.4 KB                         [K
pulling d18a5cc71b84: 100% ▕██████████████████▏  11 KB                         [K
pulling 0914c7781e00: 100% ▕██████████████████▏  119 B                         [K
pulling 8c26ae310182: 100% ▕██████████████████▏  494 B                         [K
verifying sha256 digest ⠋ [K[?25h[?2026l[?2026h[?25l[A[A[A[A[A[A[1Gpulling manifest [K
pulling 78b329e716e7: 100% ▕██████████████████▏  18 GB                         [K
pulling eade0a07cac7: 100% ▕██████████████████▏ 1.4 KB                         [K
pulling d18a5cc71b84: 100% ▕██████████████████▏  11 KB                         [K
pulling 0914c7781e00: 100% ▕██████████████████▏  119 B                         [K
pulling 8c26ae310182: 100% ▕██████████████████▏  494 B                         [K
verifying sha256 digest ⠙ [K[?25h[?2026l[?2026h[?25l[A[A[A[A[A[A[1Gpulling manifest [K
pulling 78b329e716e7: 100% ▕██████████████████▏  18 GB                         [K
pulling eade0a07cac7: 100% ▕██████████████████▏ 1.4 KB                         [K
pulling d18a5cc71b84: 100% ▕██████████████████▏  11 KB                         [K
pulling 0914c7781e00: 100% ▕██████████████████▏  119 B                         [K
pulling 8c26ae310182: 100% ▕██████████████████▏  494 B                         [K
verifying sha256 digest ⠹ [K[?25h[?2026l[?2026h[?25l[A[A[A[A[A[A[1Gpulling manifest [K
pulling 78b329e716e7: 100% ▕██████████████████▏  18 GB                         [K
pulling eade0a07cac7: 100% ▕██████████████████▏ 1.4 KB                         [K
pulling d18a5cc71b84: 100% ▕██████████████████▏  11 KB                         [K
pulling 0914c7781e00: 100% ▕██████████████████▏  119 B                         [K
pulling 8c26ae310182: 100% ▕██████████████████▏  494 B                         [K
verifying sha256 digest ⠸ [K[?25h[?2026l[?2026h[?25l[A[A[A[A[A[A[1Gpulling manifest [K
pulling 78b329e716e7: 100% ▕██████████████████▏  18 GB                         [K
pulling eade0a07cac7: 100% ▕██████████████████▏ 1.4 KB                         [K
pulling d18a5cc71b84: 100% ▕██████████████████▏  11 KB                         [K
pulling 0914c7781e00: 100% ▕██████████████████▏  119 B                         [K
pulling 8c26ae310182: 100% ▕██████████████████▏  494 B                         [K
verifying sha256 digest ⠼ [K[?25h[?2026l[?2026h[?25l[A[A[A[A[A[A[1Gpulling manifest [K
pulling 78b329e716e7: 100% ▕██████████████████▏  18 GB                         [K
pulling eade0a07cac7: 100% ▕██████████████████▏ 1.4 KB                         [K
pulling d18a5cc71b84: 100% ▕██████████████████▏  11 KB                         [K
pulling 0914c7781e00: 100% ▕██████████████████▏  119 B                         [K
pulling 8c26ae310182: 100% ▕██████████████████▏  494 B                         [K
verifying sha256 digest ⠴ [K[?25h[?2026l[?2026h[?25l[A[A[A[A[A[A[1Gpulling manifest [K
pulling 78b329e716e7: 100% ▕██████████████████▏  18 GB                         [K
pulling eade0a07cac7: 100% ▕██████████████████▏ 1.4 KB                         [K
pulling d18a5cc71b84: 100% ▕██████████████████▏  11 KB                         [K
pulling 0914c7781e00: 100% ▕██████████████████▏  119 B                         [K
pulling 8c26ae310182: 100% ▕██████████████████▏  494 B                         [K
verifying sha256 digest ⠦ [K[?25h[?2026l[?2026h[?25l[A[A[A[A[A[A[1Gpulling manifest [K
pulling 78b329e716e7: 100% ▕██████████████████▏  18 GB                         [K
pulling eade0a07cac7: 100% ▕██████████████████▏ 1.4 KB                         [K
pulling d18a5cc71b84: 100% ▕██████████████████▏  11 KB                         [K
pulling 0914c7781e00: 100% ▕██████████████████▏  119 B                         [K
pulling 8c26ae310182: 100% ▕██████████████████▏  494 B                         [K
verifying sha256 digest ⠧ [K[?25h[?2026l[?2026h[?25l[A[A[A[A[A[A[1Gpulling manifest [K
pulling 78b329e716e7: 100% ▕██████████████████▏  18 GB                         [K
pulling eade0a07cac7: 100% ▕██████████████████▏ 1.4 KB                         [K
pulling d18a5cc71b84: 100% ▕██████████████████▏  11 KB                         [K
pulling 0914c7781e00: 100% ▕██████████████████▏  119 B                         [K
pulling 8c26ae310182: 100% ▕██████████████████▏  494 B                         [K
verifying sha256 digest ⠇ [K[?25h[?2026l[?2026h[?25l[A[A[A[A[A[A[1Gpulling manifest [K
pulling 78b329e716e7: 100% ▕██████████████████▏  18 GB                         [K
pulling eade0a07cac7: 100% ▕██████████████████▏ 1.4 KB                         [K
pulling d18a5cc71b84: 100% ▕██████████████████▏  11 KB                         [K
pulling 0914c7781e00: 100% ▕██████████████████▏  119 B                         [K
pulling 8c26ae310182: 100% ▕██████████████████▏  494 B                         [K
verifying sha256 digest ⠏ [K[?25h[?2026l[?2026h[?25l[A[A[A[A[A[A[1Gpulling manifest [K
pulling 78b329e716e7: 100% ▕██████████████████▏  18 GB                         [K
pulling eade0a07cac7: 100% ▕██████████████████▏ 1.4 KB                         [K
pulling d18a5cc71b84: 100% ▕██████████████████▏  11 KB                         [K
pulling 0914c7781e00: 100% ▕██████████████████▏  119 B                         [K
pulling 8c26ae310182: 100% ▕██████████████████▏  494 B                         [K
verifying sha256 digest ⠋ [K[?25h[?2026l[?2026h[?25l[A[A[A[A[A[A[1Gpulling manifest [K
pulling 78b329e716e7: 100% ▕██████████████████▏  18 GB                         [K
pulling eade0a07cac7: 100% ▕██████████████████▏ 1.4 KB                         [K
pulling d18a5cc71b84: 100% ▕██████████████████▏  11 KB                         [K
pulling 0914c7781e00: 100% ▕██████████████████▏  119 B                         [K
pulling 8c26ae310182: 100% ▕██████████████████▏  494 B                         [K
verifying sha256 digest ⠙ [K[?25h[?2026l[?2026h[?25l[A[A[A[A[A[A[1Gpulling manifest [K
pulling 78b329e716e7: 100% ▕██████████████████▏  18 GB                         [K
pulling eade0a07cac7: 100% ▕██████████████████▏ 1.4 KB                         [K
pulling d18a5cc71b84: 100% ▕██████████████████▏  11 KB                         [K
pulling 0914c7781e00: 100% ▕██████████████████▏  119 B                         [K
pulling 8c26ae310182: 100% ▕██████████████████▏  494 B                         [K
verifying sha256 digest ⠹ [K[?25h[?2026l[?2026h[?25l[A[A[A[A[A[A[1Gpulling manifest [K
pulling 78b329e716e7: 100% ▕██████████████████▏  18 GB                         [K
pulling eade0a07cac7: 100% ▕██████████████████▏ 1.4 KB                         [K
pulling d18a5cc71b84: 100% ▕██████████████████▏  11 KB                         [K
pulling 0914c7781e00: 100% ▕██████████████████▏  119 B                         [K
pulling 8c26ae310182: 100% ▕██████████████████▏  494 B                         [K
verifying sha256 digest ⠸ [K[?25h[?2026l[?2026h[?25l[A[A[A[A[A[A[1Gpulling manifest [K
pulling 78b329e716e7: 100% ▕██████████████████▏  18 GB                         [K
pulling eade0a07cac7: 100% ▕██████████████████▏ 1.4 KB                         [K
pulling d18a5cc71b84: 100% ▕██████████████████▏  11 KB                         [K
pulling 0914c7781e00: 100% ▕██████████████████▏  119 B                         [K
pulling 8c26ae310182: 100% ▕██████████████████▏  494 B                         [K
verifying sha256 digest ⠼ [K[?25h[?2026l[?2026h[?25l[A[A[A[A[A[A[1Gpulling manifest [K
pulling 78b329e716e7: 100% ▕██████████████████▏  18 GB                         [K
pulling eade0a07cac7: 100% ▕██████████████████▏ 1.4 KB                         [K
pulling d18a5cc71b84: 100% ▕██████████████████▏  11 KB                         [K
pulling 0914c7781e00: 100% ▕██████████████████▏  119 B                         [K
pulling 8c26ae310182: 100% ▕██████████████████▏  494 B                         [K
verifying sha256 digest ⠴ [K[?25h[?2026l[?2026h[?25l[A[A[A[A[A[A[1Gpulling manifest [K
pulling 78b329e716e7: 100% ▕██████████████████▏  18 GB                         [K
pulling eade0a07cac7: 100% ▕██████████████████▏ 1.4 KB                         [K
pulling d18a5cc71b84: 100% ▕██████████████████▏  11 KB                         [K
pulling 0914c7781e00: 100% ▕██████████████████▏  119 B                         [K
pulling 8c26ae310182: 100% ▕██████████████████▏  494 B                         [K
verifying sha256 digest ⠦ [K[?25h[?2026l[?2026h[?25l[A[A[A[A[A[A[1Gpulling manifest [K
pulling 78b329e716e7: 100% ▕██████████████████▏  18 GB                         [K
pulling eade0a07cac7: 100% ▕██████████████████▏ 1.4 KB                         [K
pulling d18a5cc71b84: 100% ▕██████████████████▏  11 KB                         [K
pulling 0914c7781e00: 100% ▕██████████████████▏  119 B                         [K
pulling 8c26ae310182: 100% ▕██████████████████▏  494 B                         [K
verifying sha256 digest ⠧ [K[?25h[?2026l[?2026h[?25l[A[A[A[A[A[A[1Gpulling manifest [K
pulling 78b329e716e7: 100% ▕██████████████████▏  18 GB                         [K
pulling eade0a07cac7: 100% ▕██████████████████▏ 1.4 KB                         [K
pulling d18a5cc71b84: 100% ▕██████████████████▏  11 KB                         [K
pulling 0914c7781e00: 100% ▕██████████████████▏  119 B                         [K
pulling 8c26ae310182: 100% ▕██████████████████▏  494 B                         [K
verifying sha256 digest ⠇ [K[?25h[?2026l[?2026h[?25l[A[A[A[A[A[A[1Gpulling manifest [K
pulling 78b329e716e7: 100% ▕██████████████████▏  18 GB                         [K
pulling eade0a07cac7: 100% ▕██████████████████▏ 1.4 KB                         [K
pulling d18a5cc71b84: 100% ▕██████████████████▏  11 KB                         [K
pulling 0914c7781e00: 100% ▕██████████████████▏  119 B                         [K
pulling 8c26ae310182: 100% ▕██████████████████▏  494 B                         [K
verifying sha256 digest ⠏ [K[?25h[?2026l[?2026h[?25l[A[A[A[A[A[A[1Gpulling manifest [K
pulling 78b329e716e7: 100% ▕██████████████████▏  18 GB                         [K
pulling eade0a07cac7: 100% ▕██████████████████▏ 1.4 KB                         [K
pulling d18a5cc71b84: 100% ▕██████████████████▏  11 KB                         [K
pulling 0914c7781e00: 100% ▕██████████████████▏  119 B                         [K
pulling 8c26ae310182: 100% ▕██████████████████▏  494 B                         [K
verifying sha256 digest ⠋ [K[?25h[?2026l[?2026h[?25l[A[A[A[A[A[A[1Gpulling manifest [K
pulling 78b329e716e7: 100% ▕██████████████████▏  18 GB                         [K
pulling eade0a07cac7: 100% ▕██████████████████▏ 1.4 KB                         [K
pulling d18a5cc71b84: 100% ▕██████████████████▏  11 KB                         [K
pulling 0914c7781e00: 100% ▕██████████████████▏  119 B                         [K
pulling 8c26ae310182: 100% ▕██████████████████▏  494 B                         [K
verifying sha256 digest ⠙ [K[?25h[?2026l[?2026h[?25l[A[A[A[A[A[A[1Gpulling manifest [K
pulling 78b329e716e7: 100% ▕██████████████████▏  18 GB                         [K
pulling eade0a07cac7: 100% ▕██████████████████▏ 1.4 KB                         [K
pulling d18a5cc71b84: 100% ▕██████████████████▏  11 KB                         [K
pulling 0914c7781e00: 100% ▕██████████████████▏  119 B                         [K
pulling 8c26ae310182: 100% ▕██████████████████▏  494 B                         [K
verifying sha256 digest ⠹ [K[?25h[?2026l[?2026h[?25l[A[A[A[A[A[A[1Gpulling manifest [K
pulling 78b329e716e7: 100% ▕██████████████████▏  18 GB                         [K
pulling eade0a07cac7: 100% ▕██████████████████▏ 1.4 KB                         [K
pulling d18a5cc71b84: 100% ▕██████████████████▏  11 KB                         [K
pulling 0914c7781e00: 100% ▕██████████████████▏  119 B                         [K
pulling 8c26ae310182: 100% ▕██████████████████▏  494 B                         [K
verifying sha256 digest ⠸ [K[?25h[?2026l[?2026h[?25l[A[A[A[A[A[A[1Gpulling manifest [K
pulling 78b329e716e7: 100% ▕██████████████████▏  18 GB                         [K
pulling eade0a07cac7: 100% ▕██████████████████▏ 1.4 KB                         [K
pulling d18a5cc71b84: 100% ▕██████████████████▏  11 KB                         [K
pulling 0914c7781e00: 100% ▕██████████████████▏  119 B                         [K
pulling 8c26ae310182: 100% ▕██████████████████▏  494 B                         [K
verifying sha256 digest ⠼ [K[?25h[?2026l[?2026h[?25l[A[A[A[A[A[A[1Gpulling manifest [K
pulling 78b329e716e7: 100% ▕██████████████████▏  18 GB                         [K
pulling eade0a07cac7: 100% ▕██████████████████▏ 1.4 KB                         [K
pulling d18a5cc71b84: 100% ▕██████████████████▏  11 KB                         [K
pulling 0914c7781e00: 100% ▕██████████████████▏  119 B                         [K
pulling 8c26ae310182: 100% ▕██████████████████▏  494 B                         [K
verifying sha256 digest ⠴ [K[?25h[?2026l[?2026h[?25l[A[A[A[A[A[A[1Gpulling manifest [K
pulling 78b329e716e7: 100% ▕██████████████████▏  18 GB                         [K
pulling eade0a07cac7: 100% ▕██████████████████▏ 1.4 KB                         [K
pulling d18a5cc71b84: 100% ▕██████████████████▏  11 KB                         [K
pulling 0914c7781e00: 100% ▕██████████████████▏  119 B                         [K
pulling 8c26ae310182: 100% ▕██████████████████▏  494 B                         [K
verifying sha256 digest ⠦ [K[?25h[?2026l[?2026h[?25l[A[A[A[A[A[A[1Gpulling manifest [K
pulling 78b329e716e7: 100% ▕██████████████████▏  18 GB                         [K
pulling eade0a07cac7: 100% ▕██████████████████▏ 1.4 KB                         [K
pulling d18a5cc71b84: 100% ▕██████████████████▏  11 KB                         [K
pulling 0914c7781e00: 100% ▕██████████████████▏  119 B                         [K
pulling 8c26ae310182: 100% ▕██████████████████▏  494 B                         [K
verifying sha256 digest ⠧ [K[?25h[?2026l[?2026h[?25l[A[A[A[A[A[A[1Gpulling manifest [K
pulling 78b329e716e7: 100% ▕██████████████████▏  18 GB                         [K
pulling eade0a07cac7: 100% ▕██████████████████▏ 1.4 KB                         [K
pulling d18a5cc71b84: 100% ▕██████████████████▏  11 KB                         [K
pulling 0914c7781e00: 100% ▕██████████████████▏  119 B                         [K
pulling 8c26ae310182: 100% ▕██████████████████▏  494 B                         [K
verifying sha256 digest ⠇ [K[?25h[?2026l[?2026h[?25l[A[A[A[A[A[A[1Gpulling manifest [K
pulling 78b329e716e7: 100% ▕██████████████████▏  18 GB                         [K
pulling eade0a07cac7: 100% ▕██████████████████▏ 1.4 KB                         [K
pulling d18a5cc71b84: 100% ▕██████████████████▏  11 KB                         [K
pulling 0914c7781e00: 100% ▕██████████████████▏  119 B                         [K
pulling 8c26ae310182: 100% ▕██████████████████▏  494 B                         [K
verifying sha256 digest ⠏ [K[?25h[?2026l[?2026h[?25l[A[A[A[A[A[A[1Gpulling manifest [K
pulling 78b329e716e7: 100% ▕██████████████████▏  18 GB                         [K
pulling eade0a07cac7: 100% ▕██████████████████▏ 1.4 KB                         [K
pulling d18a5cc71b84: 100% ▕██████████████████▏  11 KB                         [K
pulling 0914c7781e00: 100% ▕██████████████████▏  119 B                         [K
pulling 8c26ae310182: 100% ▕██████████████████▏  494 B                         [K
verifying sha256 digest ⠋ [K[?25h[?2026l[?2026h[?25l[A[A[A[A[A[A[1Gpulling manifest [K
pulling 78b329e716e7: 100% ▕██████████████████▏  18 GB                         [K
pulling eade0a07cac7: 100% ▕██████████████████▏ 1.4 KB                         [K
pulling d18a5cc71b84: 100% ▕██████████████████▏  11 KB                         [K
pulling 0914c7781e00: 100% ▕██████████████████▏  119 B                         [K
pulling 8c26ae310182: 100% ▕██████████████████▏  494 B                         [K
verifying sha256 digest ⠙ [K[?25h[?2026l[?2026h[?25l[A[A[A[A[A[A[1Gpulling manifest [K
pulling 78b329e716e7: 100% ▕██████████████████▏  18 GB                         [K
pulling eade0a07cac7: 100% ▕██████████████████▏ 1.4 KB                         [K
pulling d18a5cc71b84: 100% ▕██████████████████▏  11 KB                         [K
pulling 0914c7781e00: 100% ▕██████████████████▏  119 B                         [K
pulling 8c26ae310182: 100% ▕██████████████████▏  494 B                         [K
verifying sha256 digest ⠹ [K[?25h[?2026l[?2026h[?25l[A[A[A[A[A[A[1Gpulling manifest [K
pulling 78b329e716e7: 100% ▕██████████████████▏  18 GB                         [K
pulling eade0a07cac7: 100% ▕██████████████████▏ 1.4 KB                         [K
pulling d18a5cc71b84: 100% ▕██████████████████▏  11 KB                         [K
pulling 0914c7781e00: 100% ▕██████████████████▏  119 B                         [K
pulling 8c26ae310182: 100% ▕██████████████████▏  494 B                         [K
verifying sha256 digest ⠸ [K[?25h[?2026l[?2026h[?25l[A[A[A[A[A[A[1Gpulling manifest [K
pulling 78b329e716e7: 100% ▕██████████████████▏  18 GB                         [K
pulling eade0a07cac7: 100% ▕██████████████████▏ 1.4 KB                         [K
pulling d18a5cc71b84: 100% ▕██████████████████▏  11 KB                         [K
pulling 0914c7781e00: 100% ▕██████████████████▏  119 B                         [K
pulling 8c26ae310182: 100% ▕██████████████████▏  494 B                         [K
verifying sha256 digest ⠼ [K[?25h[?2026l[?2026h[?25l[A[A[A[A[A[A[1Gpulling manifest [K
pulling 78b329e716e7: 100% ▕██████████████████▏  18 GB                         [K
pulling eade0a07cac7: 100% ▕██████████████████▏ 1.4 KB                         [K
pulling d18a5cc71b84: 100% ▕██████████████████▏  11 KB                         [K
pulling 0914c7781e00: 100% ▕██████████████████▏  119 B                         [K
pulling 8c26ae310182: 100% ▕██████████████████▏  494 B                         [K
verifying sha256 digest ⠴ [K[?25h[?2026l[?2026h[?25l[A[A[A[A[A[A[1Gpulling manifest [K
pulling 78b329e716e7: 100% ▕██████████████████▏  18 GB                         [K
pulling eade0a07cac7: 100% ▕██████████████████▏ 1.4 KB                         [K
pulling d18a5cc71b84: 100% ▕██████████████████▏  11 KB                         [K
pulling 0914c7781e00: 100% ▕██████████████████▏  119 B                         [K
pulling 8c26ae310182: 100% ▕██████████████████▏  494 B                         [K
verifying sha256 digest ⠦ [K[?25h[?2026l[?2026h[?25l[A[A[A[A[A[A[1Gpulling manifest [K
pulling 78b329e716e7: 100% ▕██████████████████▏  18 GB                         [K
pulling eade0a07cac7: 100% ▕██████████████████▏ 1.4 KB                         [K
pulling d18a5cc71b84: 100% ▕██████████████████▏  11 KB                         [K
pulling 0914c7781e00: 100% ▕██████████████████▏  119 B                         [K
pulling 8c26ae310182: 100% ▕██████████████████▏  494 B                         [K
verifying sha256 digest ⠧ [K[?25h[?2026l[?2026h[?25l[A[A[A[A[A[A[1Gpulling manifest [K
pulling 78b329e716e7: 100% ▕██████████████████▏  18 GB                         [K
pulling eade0a07cac7: 100% ▕██████████████████▏ 1.4 KB                         [K
pulling d18a5cc71b84: 100% ▕██████████████████▏  11 KB                         [K
pulling 0914c7781e00: 100% ▕██████████████████▏  119 B                         [K
pulling 8c26ae310182: 100% ▕██████████████████▏  494 B                         [K
verifying sha256 digest ⠇ [K[?25h[?2026l[?2026h[?25l[A[A[A[A[A[A[1Gpulling manifest [K
pulling 78b329e716e7: 100% ▕██████████████████▏  18 GB                         [K
pulling eade0a07cac7: 100% ▕██████████████████▏ 1.4 KB                         [K
pulling d18a5cc71b84: 100% ▕██████████████████▏  11 KB                         [K
pulling 0914c7781e00: 100% ▕██████████████████▏  119 B                         [K
pulling 8c26ae310182: 100% ▕██████████████████▏  494 B                         [K
verifying sha256 digest ⠏ [K[?25h[?2026l[?2026h[?25l[A[A[A[A[A[A[1Gpulling manifest [K
pulling 78b329e716e7: 100% ▕██████████████████▏  18 GB                         [K
pulling eade0a07cac7: 100% ▕██████████████████▏ 1.4 KB                         [K
pulling d18a5cc71b84: 100% ▕██████████████████▏  11 KB                         [K
pulling 0914c7781e00: 100% ▕██████████████████▏  119 B                         [K
pulling 8c26ae310182: 100% ▕██████████████████▏  494 B                         [K
verifying sha256 digest ⠋ [K[?25h[?2026l[?2026h[?25l[A[A[A[A[A[A[1Gpulling manifest [K
pulling 78b329e716e7: 100% ▕██████████████████▏  18 GB                         [K
pulling eade0a07cac7: 100% ▕██████████████████▏ 1.4 KB                         [K
pulling d18a5cc71b84: 100% ▕██████████████████▏  11 KB                         [K
pulling 0914c7781e00: 100% ▕██████████████████▏  119 B                         [K
pulling 8c26ae310182: 100% ▕██████████████████▏  494 B                         [K
verifying sha256 digest ⠙ [K[?25h[?2026l[?2026h[?25l[A[A[A[A[A[A[1Gpulling manifest [K
pulling 78b329e716e7: 100% ▕██████████████████▏  18 GB                         [K
pulling eade0a07cac7: 100% ▕██████████████████▏ 1.4 KB                         [K
pulling d18a5cc71b84: 100% ▕██████████████████▏  11 KB                         [K
pulling 0914c7781e00: 100% ▕██████████████████▏  119 B                         [K
pulling 8c26ae310182: 100% ▕██████████████████▏  494 B                         [K
verifying sha256 digest ⠹ [K[?25h[?2026l[?2026h[?25l[A[A[A[A[A[A[1Gpulling manifest [K
pulling 78b329e716e7: 100% ▕██████████████████▏  18 GB                         [K
pulling eade0a07cac7: 100% ▕██████████████████▏ 1.4 KB                         [K
pulling d18a5cc71b84: 100% ▕██████████████████▏  11 KB                         [K
pulling 0914c7781e00: 100% ▕██████████████████▏  119 B                         [K
pulling 8c26ae310182: 100% ▕██████████████████▏  494 B                         [K
verifying sha256 digest ⠸ [K[?25h[?2026l[?2026h[?25l[A[A[A[A[A[A[1Gpulling manifest [K
pulling 78b329e716e7: 100% ▕██████████████████▏  18 GB                         [K
pulling eade0a07cac7: 100% ▕██████████████████▏ 1.4 KB                         [K
pulling d18a5cc71b84: 100% ▕██████████████████▏  11 KB                         [K
pulling 0914c7781e00: 100% ▕██████████████████▏  119 B                         [K
pulling 8c26ae310182: 100% ▕██████████████████▏  494 B                         [K
verifying sha256 digest ⠼ [K[?25h[?2026l[?2026h[?25l[A[A[A[A[A[A[1Gpulling manifest [K
pulling 78b329e716e7: 100% ▕██████████████████▏  18 GB                         [K
pulling eade0a07cac7: 100% ▕██████████████████▏ 1.4 KB                         [K
pulling d18a5cc71b84: 100% ▕██████████████████▏  11 KB                         [K
pulling 0914c7781e00: 100% ▕██████████████████▏  119 B                         [K
pulling 8c26ae310182: 100% ▕██████████████████▏  494 B                         [K
verifying sha256 digest ⠴ [K[?25h[?2026l[?2026h[?25l[A[A[A[A[A[A[1Gpulling manifest [K
pulling 78b329e716e7: 100% ▕██████████████████▏  18 GB                         [K
pulling eade0a07cac7: 100% ▕██████████████████▏ 1.4 KB                         [K
pulling d18a5cc71b84: 100% ▕██████████████████▏  11 KB                         [K
pulling 0914c7781e00: 100% ▕██████████████████▏  119 B                         [K
pulling 8c26ae310182: 100% ▕██████████████████▏  494 B                         [K
verifying sha256 digest ⠦ [K[?25h[?2026l[?2026h[?25l[A[A[A[A[A[A[1Gpulling manifest [K
pulling 78b329e716e7: 100% ▕██████████████████▏  18 GB                         [K
pulling eade0a07cac7: 100% ▕██████████████████▏ 1.4 KB                         [K
pulling d18a5cc71b84: 100% ▕██████████████████▏  11 KB                         [K
pulling 0914c7781e00: 100% ▕██████████████████▏  119 B                         [K
pulling 8c26ae310182: 100% ▕██████████████████▏  494 B                         [K
verifying sha256 digest ⠧ [K[?25h[?2026l[?2026h[?25l[A[A[A[A[A[A[1Gpulling manifest [K
pulling 78b329e716e7: 100% ▕██████████████████▏  18 GB                         [K
pulling eade0a07cac7: 100% ▕██████████████████▏ 1.4 KB                         [K
pulling d18a5cc71b84: 100% ▕██████████████████▏  11 KB                         [K
pulling 0914c7781e00: 100% ▕██████████████████▏  119 B                         [K
pulling 8c26ae310182: 100% ▕██████████████████▏  494 B                         [K
verifying sha256 digest ⠇ [K[?25h[?2026l[?2026h[?25l[A[A[A[A[A[A[1Gpulling manifest [K
pulling 78b329e716e7: 100% ▕██████████████████▏  18 GB                         [K
pulling eade0a07cac7: 100% ▕██████████████████▏ 1.4 KB                         [K
pulling d18a5cc71b84: 100% ▕██████████████████▏  11 KB                         [K
pulling 0914c7781e00: 100% ▕██████████████████▏  119 B                         [K
pulling 8c26ae310182: 100% ▕██████████████████▏  494 B                         [K
verifying sha256 digest ⠏ [K[?25h[?2026l[?2026h[?25l[A[A[A[A[A[A[1Gpulling manifest [K
pulling 78b329e716e7: 100% ▕██████████████████▏  18 GB                         [K
pulling eade0a07cac7: 100% ▕██████████████████▏ 1.4 KB                         [K
pulling d18a5cc71b84: 100% ▕██████████████████▏  11 KB                         [K
pulling 0914c7781e00: 100% ▕██████████████████▏  119 B                         [K
pulling 8c26ae310182: 100% ▕██████████████████▏  494 B                         [K
verifying sha256 digest ⠋ [K[?25h[?2026l[?2026h[?25l[A[A[A[A[A[A[1Gpulling manifest [K
pulling 78b329e716e7: 100% ▕██████████████████▏  18 GB                         [K
pulling eade0a07cac7: 100% ▕██████████████████▏ 1.4 KB                         [K
pulling d18a5cc71b84: 100% ▕██████████████████▏  11 KB                         [K
pulling 0914c7781e00: 100% ▕██████████████████▏  119 B                         [K
pulling 8c26ae310182: 100% ▕██████████████████▏  494 B                         [K
verifying sha256 digest ⠙ [K[?25h[?2026l[?2026h[?25l[A[A[A[A[A[A[1Gpulling manifest [K
pulling 78b329e716e7: 100% ▕██████████████████▏  18 GB                         [K
pulling eade0a07cac7: 100% ▕██████████████████▏ 1.4 KB                         [K
pulling d18a5cc71b84: 100% ▕██████████████████▏  11 KB                         [K
pulling 0914c7781e00: 100% ▕██████████████████▏  119 B                         [K
pulling 8c26ae310182: 100% ▕██████████████████▏  494 B                         [K
verifying sha256 digest ⠹ [K[?25h[?2026l[?2026h[?25l[A[A[A[A[A[A[1Gpulling manifest [K
pulling 78b329e716e7: 100% ▕██████████████████▏  18 GB                         [K
pulling eade0a07cac7: 100% ▕██████████████████▏ 1.4 KB                         [K
pulling d18a5cc71b84: 100% ▕██████████████████▏  11 KB                         [K
pulling 0914c7781e00: 100% ▕██████████████████▏  119 B                         [K
pulling 8c26ae310182: 100% ▕██████████████████▏  494 B                         [K
verifying sha256 digest ⠸ [K[?25h[?2026l[?2026h[?25l[A[A[A[A[A[A[1Gpulling manifest [K
pulling 78b329e716e7: 100% ▕██████████████████▏  18 GB                         [K
pulling eade0a07cac7: 100% ▕██████████████████▏ 1.4 KB                         [K
pulling d18a5cc71b84: 100% ▕██████████████████▏  11 KB                         [K
pulling 0914c7781e00: 100% ▕██████████████████▏  119 B                         [K
pulling 8c26ae310182: 100% ▕██████████████████▏  494 B                         [K
verifying sha256 digest ⠼ [K[?25h[?2026l[?2026h[?25l[A[A[A[A[A[A[1Gpulling manifest [K
pulling 78b329e716e7: 100% ▕██████████████████▏  18 GB                         [K
pulling eade0a07cac7: 100% ▕██████████████████▏ 1.4 KB                         [K
pulling d18a5cc71b84: 100% ▕██████████████████▏  11 KB                         [K
pulling 0914c7781e00: 100% ▕██████████████████▏  119 B                         [K
pulling 8c26ae310182: 100% ▕██████████████████▏  494 B                         [K
verifying sha256 digest ⠴ [K[?25h[?2026l[?2026h[?25l[A[A[A[A[A[A[1Gpulling manifest [K
pulling 78b329e716e7: 100% ▕██████████████████▏  18 GB                         [K
pulling eade0a07cac7: 100% ▕██████████████████▏ 1.4 KB                         [K
pulling d18a5cc71b84: 100% ▕██████████████████▏  11 KB                         [K
pulling 0914c7781e00: 100% ▕██████████████████▏  119 B                         [K
pulling 8c26ae310182: 100% ▕██████████████████▏  494 B                         [K
verifying sha256 digest ⠦ [K[?25h[?2026l[?2026h[?25l[A[A[A[A[A[A[1Gpulling manifest [K
pulling 78b329e716e7: 100% ▕██████████████████▏  18 GB                         [K
pulling eade0a07cac7: 100% ▕██████████████████▏ 1.4 KB                         [K
pulling d18a5cc71b84: 100% ▕██████████████████▏  11 KB                         [K
pulling 0914c7781e00: 100% ▕██████████████████▏  119 B                         [K
pulling 8c26ae310182: 100% ▕██████████████████▏  494 B                         [K
verifying sha256 digest ⠧ [K[?25h[?2026l[?2026h[?25l[A[A[A[A[A[A[1Gpulling manifest [K
pulling 78b329e716e7: 100% ▕██████████████████▏  18 GB                         [K
pulling eade0a07cac7: 100% ▕██████████████████▏ 1.4 KB                         [K
pulling d18a5cc71b84: 100% ▕██████████████████▏  11 KB                         [K
pulling 0914c7781e00: 100% ▕██████████████████▏  119 B                         [K
pulling 8c26ae310182: 100% ▕██████████████████▏  494 B                         [K
verifying sha256 digest ⠇ [K[?25h[?2026l[?2026h[?25l[A[A[A[A[A[A[1Gpulling manifest [K
pulling 78b329e716e7: 100% ▕██████████████████▏  18 GB                         [K
pulling eade0a07cac7: 100% ▕██████████████████▏ 1.4 KB                         [K
pulling d18a5cc71b84: 100% ▕██████████████████▏  11 KB                         [K
pulling 0914c7781e00: 100% ▕██████████████████▏  119 B                         [K
pulling 8c26ae310182: 100% ▕██████████████████▏  494 B                         [K
verifying sha256 digest ⠏ [K[?25h[?2026l[?2026h[?25l[A[A[A[A[A[A[1Gpulling manifest [K
pulling 78b329e716e7: 100% ▕██████████████████▏  18 GB                         [K
pulling eade0a07cac7: 100% ▕██████████████████▏ 1.4 KB                         [K
pulling d18a5cc71b84: 100% ▕██████████████████▏  11 KB                         [K
pulling 0914c7781e00: 100% ▕██████████████████▏  119 B                         [K
pulling 8c26ae310182: 100% ▕██████████████████▏  494 B                         [K
verifying sha256 digest ⠋ [K[?25h[?2026l[?2026h[?25l[A[A[A[A[A[A[1Gpulling manifest [K
pulling 78b329e716e7: 100% ▕██████████████████▏  18 GB                         [K
pulling eade0a07cac7: 100% ▕██████████████████▏ 1.4 KB                         [K
pulling d18a5cc71b84: 100% ▕██████████████████▏  11 KB                         [K
pulling 0914c7781e00: 100% ▕██████████████████▏  119 B                         [K
pulling 8c26ae310182: 100% ▕██████████████████▏  494 B                         [K
verifying sha256 digest ⠙ [K[?25h[?2026l[?2026h[?25l[A[A[A[A[A[A[1Gpulling manifest [K
pulling 78b329e716e7: 100% ▕██████████████████▏  18 GB                         [K
pulling eade0a07cac7: 100% ▕██████████████████▏ 1.4 KB                         [K
pulling d18a5cc71b84: 100% ▕██████████████████▏  11 KB                         [K
pulling 0914c7781e00: 100% ▕██████████████████▏  119 B                         [K
pulling 8c26ae310182: 100% ▕██████████████████▏  494 B                         [K
verifying sha256 digest ⠹ [K[?25h[?2026l[?2026h[?25l[A[A[A[A[A[A[1Gpulling manifest [K
pulling 78b329e716e7: 100% ▕██████████████████▏  18 GB                         [K
pulling eade0a07cac7: 100% ▕██████████████████▏ 1.4 KB                         [K
pulling d18a5cc71b84: 100% ▕██████████████████▏  11 KB                         [K
pulling 0914c7781e00: 100% ▕██████████████████▏  119 B                         [K
pulling 8c26ae310182: 100% ▕██████████████████▏  494 B                         [K
verifying sha256 digest ⠸ [K[?25h[?2026l[?2026h[?25l[A[A[A[A[A[A[1Gpulling manifest [K
pulling 78b329e716e7: 100% ▕██████████████████▏  18 GB                         [K
pulling eade0a07cac7: 100% ▕██████████████████▏ 1.4 KB                         [K
pulling d18a5cc71b84: 100% ▕██████████████████▏  11 KB                         [K
pulling 0914c7781e00: 100% ▕██████████████████▏  119 B                         [K
pulling 8c26ae310182: 100% ▕██████████████████▏  494 B                         [K
verifying sha256 digest ⠼ [K[?25h[?2026l[?2026h[?25l[A[A[A[A[A[A[1Gpulling manifest [K
pulling 78b329e716e7: 100% ▕██████████████████▏  18 GB                         [K
pulling eade0a07cac7: 100% ▕██████████████████▏ 1.4 KB                         [K
pulling d18a5cc71b84: 100% ▕██████████████████▏  11 KB                         [K
pulling 0914c7781e00: 100% ▕██████████████████▏  119 B                         [K
pulling 8c26ae310182: 100% ▕██████████████████▏  494 B                         [K
verifying sha256 digest ⠴ [K[?25h[?2026l[?2026h[?25l[A[A[A[A[A[A[1Gpulling manifest [K
pulling 78b329e716e7: 100% ▕██████████████████▏  18 GB                         [K
pulling eade0a07cac7: 100% ▕██████████████████▏ 1.4 KB                         [K
pulling d18a5cc71b84: 100% ▕██████████████████▏  11 KB                         [K
pulling 0914c7781e00: 100% ▕██████████████████▏  119 B                         [K
pulling 8c26ae310182: 100% ▕██████████████████▏  494 B                         [K
verifying sha256 digest ⠦ [K[?25h[?2026l[?2026h[?25l[A[A[A[A[A[A[1Gpulling manifest [K
pulling 78b329e716e7: 100% ▕██████████████████▏  18 GB                         [K
pulling eade0a07cac7: 100% ▕██████████████████▏ 1.4 KB                         [K
pulling d18a5cc71b84: 100% ▕██████████████████▏  11 KB                         [K
pulling 0914c7781e00: 100% ▕██████████████████▏  119 B                         [K
pulling 8c26ae310182: 100% ▕██████████████████▏  494 B                         [K
verifying sha256 digest ⠧ [K[?25h[?2026l[?2026h[?25l[A[A[A[A[A[A[1Gpulling manifest [K
pulling 78b329e716e7: 100% ▕██████████████████▏  18 GB                         [K
pulling eade0a07cac7: 100% ▕██████████████████▏ 1.4 KB                         [K
pulling d18a5cc71b84: 100% ▕██████████████████▏  11 KB                         [K
pulling 0914c7781e00: 100% ▕██████████████████▏  119 B                         [K
pulling 8c26ae310182: 100% ▕██████████████████▏  494 B                         [K
verifying sha256 digest ⠇ [K[?25h[?2026l[?2026h[?25l[A[A[A[A[A[A[1Gpulling manifest [K
pulling 78b329e716e7: 100% ▕██████████████████▏  18 GB                         [K
pulling eade0a07cac7: 100% ▕██████████████████▏ 1.4 KB                         [K
pulling d18a5cc71b84: 100% ▕██████████████████▏  11 KB                         [K
pulling 0914c7781e00: 100% ▕██████████████████▏  119 B                         [K
pulling 8c26ae310182: 100% ▕██████████████████▏  494 B                         [K
verifying sha256 digest ⠏ [K[?25h[?2026l[?2026h[?25l[A[A[A[A[A[A[1Gpulling manifest [K
pulling 78b329e716e7: 100% ▕██████████████████▏  18 GB                         [K
pulling eade0a07cac7: 100% ▕██████████████████▏ 1.4 KB                         [K
pulling d18a5cc71b84: 100% ▕██████████████████▏  11 KB                         [K
pulling 0914c7781e00: 100% ▕██████████████████▏  119 B                         [K
pulling 8c26ae310182: 100% ▕██████████████████▏  494 B                         [K
verifying sha256 digest ⠋ [K[?25h[?2026l[?2026h[?25l[A[A[A[A[A[A[1Gpulling manifest [K
pulling 78b329e716e7: 100% ▕██████████████████▏  18 GB                         [K
pulling eade0a07cac7: 100% ▕██████████████████▏ 1.4 KB                         [K
pulling d18a5cc71b84: 100% ▕██████████████████▏  11 KB                         [K
pulling 0914c7781e00: 100% ▕██████████████████▏  119 B                         [K
pulling 8c26ae310182: 100% ▕██████████████████▏  494 B                         [K
verifying sha256 digest ⠙ [K[?25h[?2026l[?2026h[?25l[A[A[A[A[A[A[1Gpulling manifest [K
pulling 78b329e716e7: 100% ▕██████████████████▏  18 GB                         [K
pulling eade0a07cac7: 100% ▕██████████████████▏ 1.4 KB                         [K
pulling d18a5cc71b84: 100% ▕██████████████████▏  11 KB                         [K
pulling 0914c7781e00: 100% ▕██████████████████▏  119 B                         [K
pulling 8c26ae310182: 100% ▕██████████████████▏  494 B                         [K
verifying sha256 digest ⠹ [K[?25h[?2026l[?2026h[?25l[A[A[A[A[A[A[1Gpulling manifest [K
pulling 78b329e716e7: 100% ▕██████████████████▏  18 GB                         [K
pulling eade0a07cac7: 100% ▕██████████████████▏ 1.4 KB                         [K
pulling d18a5cc71b84: 100% ▕██████████████████▏  11 KB                         [K
pulling 0914c7781e00: 100% ▕██████████████████▏  119 B                         [K
pulling 8c26ae310182: 100% ▕██████████████████▏  494 B                         [K
verifying sha256 digest ⠸ [K[?25h[?2026l[?2026h[?25l[A[A[A[A[A[A[1Gpulling manifest [K
pulling 78b329e716e7: 100% ▕██████████████████▏  18 GB                         [K
pulling eade0a07cac7: 100% ▕██████████████████▏ 1.4 KB                         [K
pulling d18a5cc71b84: 100% ▕██████████████████▏  11 KB                         [K
pulling 0914c7781e00: 100% ▕██████████████████▏  119 B                         [K
pulling 8c26ae310182: 100% ▕██████████████████▏  494 B                         [K
verifying sha256 digest ⠼ [K[?25h[?2026l[?2026h[?25l[A[A[A[A[A[A[1Gpulling manifest [K
pulling 78b329e716e7: 100% ▕██████████████████▏  18 GB                         [K
pulling eade0a07cac7: 100% ▕██████████████████▏ 1.4 KB                         [K
pulling d18a5cc71b84: 100% ▕██████████████████▏  11 KB                         [K
pulling 0914c7781e00: 100% ▕██████████████████▏  119 B                         [K
pulling 8c26ae310182: 100% ▕██████████████████▏  494 B                         [K
verifying sha256 digest ⠴ [K[?25h[?2026l[?2026h[?25l[A[A[A[A[A[A[1Gpulling manifest [K
pulling 78b329e716e7: 100% ▕██████████████████▏  18 GB                         [K
pulling eade0a07cac7: 100% ▕██████████████████▏ 1.4 KB                         [K
pulling d18a5cc71b84: 100% ▕██████████████████▏  11 KB                         [K
pulling 0914c7781e00: 100% ▕██████████████████▏  119 B                         [K
pulling 8c26ae310182: 100% ▕██████████████████▏  494 B                         [K
verifying sha256 digest ⠦ [K[?25h[?2026l[?2026h[?25l[A[A[A[A[A[A[1Gpulling manifest [K
pulling 78b329e716e7: 100% ▕██████████████████▏  18 GB                         [K
pulling eade0a07cac7: 100% ▕██████████████████▏ 1.4 KB                         [K
pulling d18a5cc71b84: 100% ▕██████████████████▏  11 KB                         [K
pulling 0914c7781e00: 100% ▕██████████████████▏  119 B                         [K
pulling 8c26ae310182: 100% ▕██████████████████▏  494 B                         [K
verifying sha256 digest ⠧ [K[?25h[?2026l[?2026h[?25l[A[A[A[A[A[A[1Gpulling manifest [K
pulling 78b329e716e7: 100% ▕██████████████████▏  18 GB                         [K
pulling eade0a07cac7: 100% ▕██████████████████▏ 1.4 KB                         [K
pulling d18a5cc71b84: 100% ▕██████████████████▏  11 KB                         [K
pulling 0914c7781e00: 100% ▕██████████████████▏  119 B                         [K
pulling 8c26ae310182: 100% ▕██████████████████▏  494 B                         [K
verifying sha256 digest ⠇ [K[?25h[?2026l[?2026h[?25l[A[A[A[A[A[A[1Gpulling manifest [K
pulling 78b329e716e7: 100% ▕██████████████████▏  18 GB                         [K
pulling eade0a07cac7: 100% ▕██████████████████▏ 1.4 KB                         [K
pulling d18a5cc71b84: 100% ▕██████████████████▏  11 KB                         [K
pulling 0914c7781e00: 100% ▕██████████████████▏  119 B                         [K
pulling 8c26ae310182: 100% ▕██████████████████▏  494 B                         [K
verifying sha256 digest ⠏ [K[?25h[?2026l[?2026h[?25l[A[A[A[A[A[A[1Gpulling manifest [K
pulling 78b329e716e7: 100% ▕██████████████████▏  18 GB                         [K
pulling eade0a07cac7: 100% ▕██████████████████▏ 1.4 KB                         [K
pulling d18a5cc71b84: 100% ▕██████████████████▏  11 KB                         [K
pulling 0914c7781e00: 100% ▕██████████████████▏  119 B                         [K
pulling 8c26ae310182: 100% ▕██████████████████▏  494 B                         [K
verifying sha256 digest ⠋ [K[?25h[?2026l[?2026h[?25l[A[A[A[A[A[A[1Gpulling manifest [K
pulling 78b329e716e7: 100% ▕██████████████████▏  18 GB                         [K
pulling eade0a07cac7: 100% ▕██████████████████▏ 1.4 KB                         [K
pulling d18a5cc71b84: 100% ▕██████████████████▏  11 KB                         [K
pulling 0914c7781e00: 100% ▕██████████████████▏  119 B                         [K
pulling 8c26ae310182: 100% ▕██████████████████▏  494 B                         [K
verifying sha256 digest ⠙ [K[?25h[?2026l[?2026h[?25l[A[A[A[A[A[A[1Gpulling manifest [K
pulling 78b329e716e7: 100% ▕██████████████████▏  18 GB                         [K
pulling eade0a07cac7: 100% ▕██████████████████▏ 1.4 KB                         [K
pulling d18a5cc71b84: 100% ▕██████████████████▏  11 KB                         [K
pulling 0914c7781e00: 100% ▕██████████████████▏  119 B                         [K
pulling 8c26ae310182: 100% ▕██████████████████▏  494 B                         [K
verifying sha256 digest ⠹ [K[?25h[?2026l[?2026h[?25l[A[A[A[A[A[A[1Gpulling manifest [K
pulling 78b329e716e7: 100% ▕██████████████████▏  18 GB                         [K
pulling eade0a07cac7: 100% ▕██████████████████▏ 1.4 KB                         [K
pulling d18a5cc71b84: 100% ▕██████████████████▏  11 KB                         [K
pulling 0914c7781e00: 100% ▕██████████████████▏  119 B                         [K
pulling 8c26ae310182: 100% ▕██████████████████▏  494 B                         [K
verifying sha256 digest ⠸ [K[?25h[?2026l[?2026h[?25l[A[A[A[A[A[A[1Gpulling manifest [K
pulling 78b329e716e7: 100% ▕██████████████████▏  18 GB                         [K
pulling eade0a07cac7: 100% ▕██████████████████▏ 1.4 KB                         [K
pulling d18a5cc71b84: 100% ▕██████████████████▏  11 KB                         [K
pulling 0914c7781e00: 100% ▕██████████████████▏  119 B                         [K
pulling 8c26ae310182: 100% ▕██████████████████▏  494 B                         [K
verifying sha256 digest ⠼ [K[?25h[?2026l[?2026h[?25l[A[A[A[A[A[A[1Gpulling manifest [K
pulling 78b329e716e7: 100% ▕██████████████████▏  18 GB                         [K
pulling eade0a07cac7: 100% ▕██████████████████▏ 1.4 KB                         [K
pulling d18a5cc71b84: 100% ▕██████████████████▏  11 KB                         [K
pulling 0914c7781e00: 100% ▕██████████████████▏  119 B                         [K
pulling 8c26ae310182: 100% ▕██████████████████▏  494 B                         [K
verifying sha256 digest ⠴ [K[?25h[?2026l[?2026h[?25l[A[A[A[A[A[A[1Gpulling manifest [K
pulling 78b329e716e7: 100% ▕██████████████████▏  18 GB                         [K
pulling eade0a07cac7: 100% ▕██████████████████▏ 1.4 KB                         [K
pulling d18a5cc71b84: 100% ▕██████████████████▏  11 KB                         [K
pulling 0914c7781e00: 100% ▕██████████████████▏  119 B                         [K
pulling 8c26ae310182: 100% ▕██████████████████▏  494 B                         [K
verifying sha256 digest ⠦ [K[?25h[?2026l[?2026h[?25l[A[A[A[A[A[A[1Gpulling manifest [K
pulling 78b329e716e7: 100% ▕██████████████████▏  18 GB                         [K
pulling eade0a07cac7: 100% ▕██████████████████▏ 1.4 KB                         [K
pulling d18a5cc71b84: 100% ▕██████████████████▏  11 KB                         [K
pulling 0914c7781e00: 100% ▕██████████████████▏  119 B                         [K
pulling 8c26ae310182: 100% ▕██████████████████▏  494 B                         [K
verifying sha256 digest ⠧ [K[?25h[?2026l[?2026h[?25l[A[A[A[A[A[A[1Gpulling manifest [K
pulling 78b329e716e7: 100% ▕██████████████████▏  18 GB                         [K
pulling eade0a07cac7: 100% ▕██████████████████▏ 1.4 KB                         [K
pulling d18a5cc71b84: 100% ▕██████████████████▏  11 KB                         [K
pulling 0914c7781e00: 100% ▕██████████████████▏  119 B                         [K
pulling 8c26ae310182: 100% ▕██████████████████▏  494 B                         [K
verifying sha256 digest ⠇ [K[?25h[?2026l[?2026h[?25l[A[A[A[A[A[A[1Gpulling manifest [K
pulling 78b329e716e7: 100% ▕██████████████████▏  18 GB                         [K
pulling eade0a07cac7: 100% ▕██████████████████▏ 1.4 KB                         [K
pulling d18a5cc71b84: 100% ▕██████████████████▏  11 KB                         [K
pulling 0914c7781e00: 100% ▕██████████████████▏  119 B                         [K
pulling 8c26ae310182: 100% ▕██████████████████▏  494 B                         [K
verifying sha256 digest ⠏ [K[?25h[?2026l[?2026h[?25l[A[A[A[A[A[A[1Gpulling manifest [K
pulling 78b329e716e7: 100% ▕██████████████████▏  18 GB                         [K
pulling eade0a07cac7: 100% ▕██████████████████▏ 1.4 KB                         [K
pulling d18a5cc71b84: 100% ▕██████████████████▏  11 KB                         [K
pulling 0914c7781e00: 100% ▕██████████████████▏  119 B                         [K
pulling 8c26ae310182: 100% ▕██████████████████▏  494 B                         [K
verifying sha256 digest ⠋ [K[?25h[?2026l[?2026h[?25l[A[A[A[A[A[A[1Gpulling manifest [K
pulling 78b329e716e7: 100% ▕██████████████████▏  18 GB                         [K
pulling eade0a07cac7: 100% ▕██████████████████▏ 1.4 KB                         [K
pulling d18a5cc71b84: 100% ▕██████████████████▏  11 KB                         [K
pulling 0914c7781e00: 100% ▕██████████████████▏  119 B                         [K
pulling 8c26ae310182: 100% ▕██████████████████▏  494 B                         [K
verifying sha256 digest ⠙ [K[?25h[?2026l[?2026h[?25l[A[A[A[A[A[A[1Gpulling manifest [K
pulling 78b329e716e7: 100% ▕██████████████████▏  18 GB                         [K
pulling eade0a07cac7: 100% ▕██████████████████▏ 1.4 KB                         [K
pulling d18a5cc71b84: 100% ▕██████████████████▏  11 KB                         [K
pulling 0914c7781e00: 100% ▕██████████████████▏  119 B                         [K
pulling 8c26ae310182: 100% ▕██████████████████▏  494 B                         [K
verifying sha256 digest ⠹ [K[?25h[?2026l[?2026h[?25l[A[A[A[A[A[A[1Gpulling manifest [K
pulling 78b329e716e7: 100% ▕██████████████████▏  18 GB                         [K
pulling eade0a07cac7: 100% ▕██████████████████▏ 1.4 KB                         [K
pulling d18a5cc71b84: 100% ▕██████████████████▏  11 KB                         [K
pulling 0914c7781e00: 100% ▕██████████████████▏  119 B                         [K
pulling 8c26ae310182: 100% ▕██████████████████▏  494 B                         [K
verifying sha256 digest ⠸ [K[?25h[?2026l[?2026h[?25l[A[A[A[A[A[A[1Gpulling manifest [K
pulling 78b329e716e7: 100% ▕██████████████████▏  18 GB                         [K
pulling eade0a07cac7: 100% ▕██████████████████▏ 1.4 KB                         [K
pulling d18a5cc71b84: 100% ▕██████████████████▏  11 KB                         [K
pulling 0914c7781e00: 100% ▕██████████████████▏  119 B                         [K
pulling 8c26ae310182: 100% ▕██████████████████▏  494 B                         [K
verifying sha256 digest ⠼ [K[?25h[?2026l[?2026h[?25l[A[A[A[A[A[A[1Gpulling manifest [K
pulling 78b329e716e7: 100% ▕██████████████████▏  18 GB                         [K
pulling eade0a07cac7: 100% ▕██████████████████▏ 1.4 KB                         [K
pulling d18a5cc71b84: 100% ▕██████████████████▏  11 KB                         [K
pulling 0914c7781e00: 100% ▕██████████████████▏  119 B                         [K
pulling 8c26ae310182: 100% ▕██████████████████▏  494 B                         [K
verifying sha256 digest ⠴ [K[?25h[?2026l[?2026h[?25l[A[A[A[A[A[A[1Gpulling manifest [K
pulling 78b329e716e7: 100% ▕██████████████████▏  18 GB                         [K
pulling eade0a07cac7: 100% ▕██████████████████▏ 1.4 KB                         [K
pulling d18a5cc71b84: 100% ▕██████████████████▏  11 KB                         [K
pulling 0914c7781e00: 100% ▕██████████████████▏  119 B                         [K
pulling 8c26ae310182: 100% ▕██████████████████▏  494 B                         [K
verifying sha256 digest ⠦ [K[?25h[?2026l[?2026h[?25l[A[A[A[A[A[A[1Gpulling manifest [K
pulling 78b329e716e7: 100% ▕██████████████████▏  18 GB                         [K
pulling eade0a07cac7: 100% ▕██████████████████▏ 1.4 KB                         [K
pulling d18a5cc71b84: 100% ▕██████████████████▏  11 KB                         [K
pulling 0914c7781e00: 100% ▕██████████████████▏  119 B                         [K
pulling 8c26ae310182: 100% ▕██████████████████▏  494 B                         [K
verifying sha256 digest ⠧ [K[?25h[?2026l[?2026h[?25l[A[A[A[A[A[A[1Gpulling manifest [K
pulling 78b329e716e7: 100% ▕██████████████████▏  18 GB                         [K
pulling eade0a07cac7: 100% ▕██████████████████▏ 1.4 KB                         [K
pulling d18a5cc71b84: 100% ▕██████████████████▏  11 KB                         [K
pulling 0914c7781e00: 100% ▕██████████████████▏  119 B                         [K
pulling 8c26ae310182: 100% ▕██████████████████▏  494 B                         [K
verifying sha256 digest ⠇ [K[?25h[?2026l[?2026h[?25l[A[A[A[A[A[A[1Gpulling manifest [K
pulling 78b329e716e7: 100% ▕██████████████████▏  18 GB                         [K
pulling eade0a07cac7: 100% ▕██████████████████▏ 1.4 KB                         [K
pulling d18a5cc71b84: 100% ▕██████████████████▏  11 KB                         [K
pulling 0914c7781e00: 100% ▕██████████████████▏  119 B                         [K
pulling 8c26ae310182: 100% ▕██████████████████▏  494 B                         [K
verifying sha256 digest ⠏ [K[?25h[?2026l[?2026h[?25l[A[A[A[A[A[A[1Gpulling manifest [K
pulling 78b329e716e7: 100% ▕██████████████████▏  18 GB                         [K
pulling eade0a07cac7: 100% ▕██████████████████▏ 1.4 KB                         [K
pulling d18a5cc71b84: 100% ▕██████████████████▏  11 KB                         [K
pulling 0914c7781e00: 100% ▕██████████████████▏  119 B                         [K
pulling 8c26ae310182: 100% ▕██████████████████▏  494 B                         [K
verifying sha256 digest ⠋ [K[?25h[?2026l[?2026h[?25l[A[A[A[A[A[A[1Gpulling manifest [K
pulling 78b329e716e7: 100% ▕██████████████████▏  18 GB                         [K
pulling eade0a07cac7: 100% ▕██████████████████▏ 1.4 KB                         [K
pulling d18a5cc71b84: 100% ▕██████████████████▏  11 KB                         [K
pulling 0914c7781e00: 100% ▕██████████████████▏  119 B                         [K
pulling 8c26ae310182: 100% ▕██████████████████▏  494 B                         [K
verifying sha256 digest ⠙ [K[?25h[?2026l[?2026h[?25l[A[A[A[A[A[A[1Gpulling manifest [K
pulling 78b329e716e7: 100% ▕██████████████████▏  18 GB                         [K
pulling eade0a07cac7: 100% ▕██████████████████▏ 1.4 KB                         [K
pulling d18a5cc71b84: 100% ▕██████████████████▏  11 KB                         [K
pulling 0914c7781e00: 100% ▕██████████████████▏  119 B                         [K
pulling 8c26ae310182: 100% ▕██████████████████▏  494 B                         [K
verifying sha256 digest ⠹ [K[?25h[?2026l[?2026h[?25l[A[A[A[A[A[A[1Gpulling manifest [K
pulling 78b329e716e7: 100% ▕██████████████████▏  18 GB                         [K
pulling eade0a07cac7: 100% ▕██████████████████▏ 1.4 KB                         [K
pulling d18a5cc71b84: 100% ▕██████████████████▏  11 KB                         [K
pulling 0914c7781e00: 100% ▕██████████████████▏  119 B                         [K
pulling 8c26ae310182: 100% ▕██████████████████▏  494 B                         [K
verifying sha256 digest ⠸ [K[?25h[?2026l[?2026h[?25l[A[A[A[A[A[A[1Gpulling manifest [K
pulling 78b329e716e7: 100% ▕██████████████████▏  18 GB                         [K
pulling eade0a07cac7: 100% ▕██████████████████▏ 1.4 KB                         [K
pulling d18a5cc71b84: 100% ▕██████████████████▏  11 KB                         [K
pulling 0914c7781e00: 100% ▕██████████████████▏  119 B                         [K
pulling 8c26ae310182: 100% ▕██████████████████▏  494 B                         [K
verifying sha256 digest ⠼ [K[?25h[?2026l[?2026h[?25l[A[A[A[A[A[A[1Gpulling manifest [K
pulling 78b329e716e7: 100% ▕██████████████████▏  18 GB                         [K
pulling eade0a07cac7: 100% ▕██████████████████▏ 1.4 KB                         [K
pulling d18a5cc71b84: 100% ▕██████████████████▏  11 KB                         [K
pulling 0914c7781e00: 100% ▕██████████████████▏  119 B                         [K
pulling 8c26ae310182: 100% ▕██████████████████▏  494 B                         [K
verifying sha256 digest ⠴ [K[?25h[?2026l[?2026h[?25l[A[A[A[A[A[A[1Gpulling manifest [K
pulling 78b329e716e7: 100% ▕██████████████████▏  18 GB                         [K
pulling eade0a07cac7: 100% ▕██████████████████▏ 1.4 KB                         [K
pulling d18a5cc71b84: 100% ▕██████████████████▏  11 KB                         [K
pulling 0914c7781e00: 100% ▕██████████████████▏  119 B                         [K
pulling 8c26ae310182: 100% ▕██████████████████▏  494 B                         [K
verifying sha256 digest ⠦ [K[?25h[?2026l[?2026h[?25l[A[A[A[A[A[A[1Gpulling manifest [K
pulling 78b329e716e7: 100% ▕██████████████████▏  18 GB                         [K
pulling eade0a07cac7: 100% ▕██████████████████▏ 1.4 KB                         [K
pulling d18a5cc71b84: 100% ▕██████████████████▏  11 KB                         [K
pulling 0914c7781e00: 100% ▕██████████████████▏  119 B                         [K
pulling 8c26ae310182: 100% ▕██████████████████▏  494 B                         [K
verifying sha256 digest ⠧ [K[?25h[?2026l[?2026h[?25l[A[A[A[A[A[A[1Gpulling manifest [K
pulling 78b329e716e7: 100% ▕██████████████████▏  18 GB                         [K
pulling eade0a07cac7: 100% ▕██████████████████▏ 1.4 KB                         [K
pulling d18a5cc71b84: 100% ▕██████████████████▏  11 KB                         [K
pulling 0914c7781e00: 100% ▕██████████████████▏  119 B                         [K
pulling 8c26ae310182: 100% ▕██████████████████▏  494 B                         [K
verifying sha256 digest ⠇ [K[?25h[?2026l[?2026h[?25l[A[A[A[A[A[A[1Gpulling manifest [K
pulling 78b329e716e7: 100% ▕██████████████████▏  18 GB                         [K
pulling eade0a07cac7: 100% ▕██████████████████▏ 1.4 KB                         [K
pulling d18a5cc71b84: 100% ▕██████████████████▏  11 KB                         [K
pulling 0914c7781e00: 100% ▕██████████████████▏  119 B                         [K
pulling 8c26ae310182: 100% ▕██████████████████▏  494 B                         [K
verifying sha256 digest ⠏ [K[?25h[?2026l[?2026h[?25l[A[A[A[A[A[A[1Gpulling manifest [K
pulling 78b329e716e7: 100% ▕██████████████████▏  18 GB                         [K
pulling eade0a07cac7: 100% ▕██████████████████▏ 1.4 KB                         [K
pulling d18a5cc71b84: 100% ▕██████████████████▏  11 KB                         [K
pulling 0914c7781e00: 100% ▕██████████████████▏  119 B                         [K
pulling 8c26ae310182: 100% ▕██████████████████▏  494 B                         [K
verifying sha256 digest ⠋ [K[?25h[?2026l[?2026h[?25l[A[A[A[A[A[A[1Gpulling manifest [K
pulling 78b329e716e7: 100% ▕██████████████████▏  18 GB                         [K
pulling eade0a07cac7: 100% ▕██████████████████▏ 1.4 KB                         [K
pulling d18a5cc71b84: 100% ▕██████████████████▏  11 KB                         [K
pulling 0914c7781e00: 100% ▕██████████████████▏  119 B                         [K
pulling 8c26ae310182: 100% ▕██████████████████▏  494 B                         [K
verifying sha256 digest ⠙ [K[?25h[?2026l[?2026h[?25l[A[A[A[A[A[A[1Gpulling manifest [K
pulling 78b329e716e7: 100% ▕██████████████████▏  18 GB                         [K
pulling eade0a07cac7: 100% ▕██████████████████▏ 1.4 KB                         [K
pulling d18a5cc71b84: 100% ▕██████████████████▏  11 KB                         [K
pulling 0914c7781e00: 100% ▕██████████████████▏  119 B                         [K
pulling 8c26ae310182: 100% ▕██████████████████▏  494 B                         [K
verifying sha256 digest ⠹ [K[?25h[?2026l[?2026h[?25l[A[A[A[A[A[A[1Gpulling manifest [K
pulling 78b329e716e7: 100% ▕██████████████████▏  18 GB                         [K
pulling eade0a07cac7: 100% ▕██████████████████▏ 1.4 KB                         [K
pulling d18a5cc71b84: 100% ▕██████████████████▏  11 KB                         [K
pulling 0914c7781e00: 100% ▕██████████████████▏  119 B                         [K
pulling 8c26ae310182: 100% ▕██████████████████▏  494 B                         [K
verifying sha256 digest ⠸ [K[?25h[?2026l[?2026h[?25l[A[A[A[A[A[A[1Gpulling manifest [K
pulling 78b329e716e7: 100% ▕██████████████████▏  18 GB                         [K
pulling eade0a07cac7: 100% ▕██████████████████▏ 1.4 KB                         [K
pulling d18a5cc71b84: 100% ▕██████████████████▏  11 KB                         [K
pulling 0914c7781e00: 100% ▕██████████████████▏  119 B                         [K
pulling 8c26ae310182: 100% ▕██████████████████▏  494 B                         [K
verifying sha256 digest ⠼ [K[?25h[?2026l[?2026h[?25l[A[A[A[A[A[A[1Gpulling manifest [K
pulling 78b329e716e7: 100% ▕██████████████████▏  18 GB                         [K
pulling eade0a07cac7: 100% ▕██████████████████▏ 1.4 KB                         [K
pulling d18a5cc71b84: 100% ▕██████████████████▏  11 KB                         [K
pulling 0914c7781e00: 100% ▕██████████████████▏  119 B                         [K
pulling 8c26ae310182: 100% ▕██████████████████▏  494 B                         [K
verifying sha256 digest ⠴ [K[?25h[?2026l[?2026h[?25l[A[A[A[A[A[A[1Gpulling manifest [K
pulling 78b329e716e7: 100% ▕██████████████████▏  18 GB                         [K
pulling eade0a07cac7: 100% ▕██████████████████▏ 1.4 KB                         [K
pulling d18a5cc71b84: 100% ▕██████████████████▏  11 KB                         [K
pulling 0914c7781e00: 100% ▕██████████████████▏  119 B                         [K
pulling 8c26ae310182: 100% ▕██████████████████▏  494 B                         [K
verifying sha256 digest ⠦ [K[?25h[?2026l[?2026h[?25l[A[A[A[A[A[A[1Gpulling manifest [K
pulling 78b329e716e7: 100% ▕██████████████████▏  18 GB                         [K
pulling eade0a07cac7: 100% ▕██████████████████▏ 1.4 KB                         [K
pulling d18a5cc71b84: 100% ▕██████████████████▏  11 KB                         [K
pulling 0914c7781e00: 100% ▕██████████████████▏  119 B                         [K
pulling 8c26ae310182: 100% ▕██████████████████▏  494 B                         [K
verifying sha256 digest ⠧ [K[?25h[?2026l[?2026h[?25l[A[A[A[A[A[A[1Gpulling manifest [K
pulling 78b329e716e7: 100% ▕██████████████████▏  18 GB                         [K
pulling eade0a07cac7: 100% ▕██████████████████▏ 1.4 KB                         [K
pulling d18a5cc71b84: 100% ▕██████████████████▏  11 KB                         [K
pulling 0914c7781e00: 100% ▕██████████████████▏  119 B                         [K
pulling 8c26ae310182: 100% ▕██████████████████▏  494 B                         [K
verifying sha256 digest ⠇ [K[?25h[?2026l[?2026h[?25l[A[A[A[A[A[A[1Gpulling manifest [K
pulling 78b329e716e7: 100% ▕██████████████████▏  18 GB                         [K
pulling eade0a07cac7: 100% ▕██████████████████▏ 1.4 KB                         [K
pulling d18a5cc71b84: 100% ▕██████████████████▏  11 KB                         [K
pulling 0914c7781e00: 100% ▕██████████████████▏  119 B                         [K
pulling 8c26ae310182: 100% ▕██████████████████▏  494 B                         [K
verifying sha256 digest ⠏ [K[?25h[?2026l[?2026h[?25l[A[A[A[A[A[A[1Gpulling manifest [K
pulling 78b329e716e7: 100% ▕██████████████████▏  18 GB                         [K
pulling eade0a07cac7: 100% ▕██████████████████▏ 1.4 KB                         [K
pulling d18a5cc71b84: 100% ▕██████████████████▏  11 KB                         [K
pulling 0914c7781e00: 100% ▕██████████████████▏  119 B                         [K
pulling 8c26ae310182: 100% ▕██████████████████▏  494 B                         [K
verifying sha256 digest ⠋ [K[?25h[?2026l[?2026h[?25l[A[A[A[A[A[A[1Gpulling manifest [K
pulling 78b329e716e7: 100% ▕██████████████████▏  18 GB                         [K
pulling eade0a07cac7: 100% ▕██████████████████▏ 1.4 KB                         [K
pulling d18a5cc71b84: 100% ▕██████████████████▏  11 KB                         [K
pulling 0914c7781e00: 100% ▕██████████████████▏  119 B                         [K
pulling 8c26ae310182: 100% ▕██████████████████▏  494 B                         [K
verifying sha256 digest ⠙ [K[?25h[?2026l[?2026h[?25l[A[A[A[A[A[A[1Gpulling manifest [K
pulling 78b329e716e7: 100% ▕██████████████████▏  18 GB                         [K
pulling eade0a07cac7: 100% ▕██████████████████▏ 1.4 KB                         [K
pulling d18a5cc71b84: 100% ▕██████████████████▏  11 KB                         [K
pulling 0914c7781e00: 100% ▕██████████████████▏  119 B                         [K
pulling 8c26ae310182: 100% ▕██████████████████▏  494 B                         [K
verifying sha256 digest ⠹ [K[?25h[?2026l[?2026h[?25l[A[A[A[A[A[A[1Gpulling manifest [K
pulling 78b329e716e7: 100% ▕██████████████████▏  18 GB                         [K
pulling eade0a07cac7: 100% ▕██████████████████▏ 1.4 KB                         [K
pulling d18a5cc71b84: 100% ▕██████████████████▏  11 KB                         [K
pulling 0914c7781e00: 100% ▕██████████████████▏  119 B                         [K
pulling 8c26ae310182: 100% ▕██████████████████▏  494 B                         [K
verifying sha256 digest ⠸ [K[?25h[?2026l[?2026h[?25l[A[A[A[A[A[A[1Gpulling manifest [K
pulling 78b329e716e7: 100% ▕██████████████████▏  18 GB                         [K
pulling eade0a07cac7: 100% ▕██████████████████▏ 1.4 KB                         [K
pulling d18a5cc71b84: 100% ▕██████████████████▏  11 KB                         [K
pulling 0914c7781e00: 100% ▕██████████████████▏  119 B                         [K
pulling 8c26ae310182: 100% ▕██████████████████▏  494 B                         [K
verifying sha256 digest ⠼ [K[?25h[?2026l[?2026h[?25l[A[A[A[A[A[A[1Gpulling manifest [K
pulling 78b329e716e7: 100% ▕██████████████████▏  18 GB                         [K
pulling eade0a07cac7: 100% ▕██████████████████▏ 1.4 KB                         [K
pulling d18a5cc71b84: 100% ▕██████████████████▏  11 KB                         [K
pulling 0914c7781e00: 100% ▕██████████████████▏  119 B                         [K
pulling 8c26ae310182: 100% ▕██████████████████▏  494 B                         [K
verifying sha256 digest ⠴ [K[?25h[?2026l[?2026h[?25l[A[A[A[A[A[A[1Gpulling manifest [K
pulling 78b329e716e7: 100% ▕██████████████████▏  18 GB                         [K
pulling eade0a07cac7: 100% ▕██████████████████▏ 1.4 KB                         [K
pulling d18a5cc71b84: 100% ▕██████████████████▏  11 KB                         [K
pulling 0914c7781e00: 100% ▕██████████████████▏  119 B                         [K
pulling 8c26ae310182: 100% ▕██████████████████▏  494 B                         [K
verifying sha256 digest ⠦ [K[?25h[?2026l[?2026h[?25l[A[A[A[A[A[A[1Gpulling manifest [K
pulling 78b329e716e7: 100% ▕██████████████████▏  18 GB                         [K
pulling eade0a07cac7: 100% ▕██████████████████▏ 1.4 KB                         [K
pulling d18a5cc71b84: 100% ▕██████████████████▏  11 KB                         [K
pulling 0914c7781e00: 100% ▕██████████████████▏  119 B                         [K
pulling 8c26ae310182: 100% ▕██████████████████▏  494 B                         [K
verifying sha256 digest ⠧ [K[?25h[?2026l[?2026h[?25l[A[A[A[A[A[A[1Gpulling manifest [K
pulling 78b329e716e7: 100% ▕██████████████████▏  18 GB                         [K
pulling eade0a07cac7: 100% ▕██████████████████▏ 1.4 KB                         [K
pulling d18a5cc71b84: 100% ▕██████████████████▏  11 KB                         [K
pulling 0914c7781e00: 100% ▕██████████████████▏  119 B                         [K
pulling 8c26ae310182: 100% ▕██████████████████▏  494 B                         [K
verifying sha256 digest ⠇ [K[?25h[?2026l[?2026h[?25l[A[A[A[A[A[A[1Gpulling manifest [K
pulling 78b329e716e7: 100% ▕██████████████████▏  18 GB                         [K
pulling eade0a07cac7: 100% ▕██████████████████▏ 1.4 KB                         [K
pulling d18a5cc71b84: 100% ▕██████████████████▏  11 KB                         [K
pulling 0914c7781e00: 100% ▕██████████████████▏  119 B                         [K
pulling 8c26ae310182: 100% ▕██████████████████▏  494 B                         [K
verifying sha256 digest ⠏ [K[?25h[?2026l[?2026h[?25l[A[A[A[A[A[A[1Gpulling manifest [K
pulling 78b329e716e7: 100% ▕██████████████████▏  18 GB                         [K
pulling eade0a07cac7: 100% ▕██████████████████▏ 1.4 KB                         [K
pulling d18a5cc71b84: 100% ▕██████████████████▏  11 KB                         [K
pulling 0914c7781e00: 100% ▕██████████████████▏  119 B                         [K
pulling 8c26ae310182: 100% ▕██████████████████▏  494 B                         [K
verifying sha256 digest ⠋ [K[?25h[?2026l[?2026h[?25l[A[A[A[A[A[A[1Gpulling manifest [K
pulling 78b329e716e7: 100% ▕██████████████████▏  18 GB                         [K
pulling eade0a07cac7: 100% ▕██████████████████▏ 1.4 KB                         [K
pulling d18a5cc71b84: 100% ▕██████████████████▏  11 KB                         [K
pulling 0914c7781e00: 100% ▕██████████████████▏  119 B                         [K
pulling 8c26ae310182: 100% ▕██████████████████▏  494 B                         [K
verifying sha256 digest ⠙ [K[?25h[?2026l[?2026h[?25l[A[A[A[A[A[A[1Gpulling manifest [K
pulling 78b329e716e7: 100% ▕██████████████████▏  18 GB                         [K
pulling eade0a07cac7: 100% ▕██████████████████▏ 1.4 KB                         [K
pulling d18a5cc71b84: 100% ▕██████████████████▏  11 KB                         [K
pulling 0914c7781e00: 100% ▕██████████████████▏  119 B                         [K
pulling 8c26ae310182: 100% ▕██████████████████▏  494 B                         [K
verifying sha256 digest ⠹ [K[?25h[?2026l[?2026h[?25l[A[A[A[A[A[A[1Gpulling manifest [K
pulling 78b329e716e7: 100% ▕██████████████████▏  18 GB                         [K
pulling eade0a07cac7: 100% ▕██████████████████▏ 1.4 KB                         [K
pulling d18a5cc71b84: 100% ▕██████████████████▏  11 KB                         [K
pulling 0914c7781e00: 100% ▕██████████████████▏  119 B                         [K
pulling 8c26ae310182: 100% ▕██████████████████▏  494 B                         [K
verifying sha256 digest ⠸ [K[?25h[?2026l[?2026h[?25l[A[A[A[A[A[A[1Gpulling manifest [K
pulling 78b329e716e7: 100% ▕██████████████████▏  18 GB                         [K
pulling eade0a07cac7: 100% ▕██████████████████▏ 1.4 KB                         [K
pulling d18a5cc71b84: 100% ▕██████████████████▏  11 KB                         [K
pulling 0914c7781e00: 100% ▕██████████████████▏  119 B                         [K
pulling 8c26ae310182: 100% ▕██████████████████▏  494 B                         [K
verifying sha256 digest ⠼ [K[?25h[?2026l[?2026h[?25l[A[A[A[A[A[A[1Gpulling manifest [K
pulling 78b329e716e7: 100% ▕██████████████████▏  18 GB                         [K
pulling eade0a07cac7: 100% ▕██████████████████▏ 1.4 KB                         [K
pulling d18a5cc71b84: 100% ▕██████████████████▏  11 KB                         [K
pulling 0914c7781e00: 100% ▕██████████████████▏  119 B                         [K
pulling 8c26ae310182: 100% ▕██████████████████▏  494 B                         [K
verifying sha256 digest ⠴ [K[?25h[?2026l[?2026h[?25l[A[A[A[A[A[A[1Gpulling manifest [K
pulling 78b329e716e7: 100% ▕██████████████████▏  18 GB                         [K
pulling eade0a07cac7: 100% ▕██████████████████▏ 1.4 KB                         [K
pulling d18a5cc71b84: 100% ▕██████████████████▏  11 KB                         [K
pulling 0914c7781e00: 100% ▕██████████████████▏  119 B                         [K
pulling 8c26ae310182: 100% ▕██████████████████▏  494 B                         [K
verifying sha256 digest ⠦ [K[?25h[?2026l[?2026h[?25l[A[A[A[A[A[A[1Gpulling manifest [K
pulling 78b329e716e7: 100% ▕██████████████████▏  18 GB                         [K
pulling eade0a07cac7: 100% ▕██████████████████▏ 1.4 KB                         [K
pulling d18a5cc71b84: 100% ▕██████████████████▏  11 KB                         [K
pulling 0914c7781e00: 100% ▕██████████████████▏  119 B                         [K
pulling 8c26ae310182: 100% ▕██████████████████▏  494 B                         [K
verifying sha256 digest ⠧ [K[?25h[?2026l[?2026h[?25l[A[A[A[A[A[A[1Gpulling manifest [K
pulling 78b329e716e7: 100% ▕██████████████████▏  18 GB                         [K
pulling eade0a07cac7: 100% ▕██████████████████▏ 1.4 KB                         [K
pulling d18a5cc71b84: 100% ▕██████████████████▏  11 KB                         [K
pulling 0914c7781e00: 100% ▕██████████████████▏  119 B                         [K
pulling 8c26ae310182: 100% ▕██████████████████▏  494 B                         [K
verifying sha256 digest [K
writing manifest [K
success [K[?25h[?2026l
